Using pre-set license
Built from '6000.0/release' branch; Version is '6000.0.35f1 (9a3bc604008a) revision 10107846'; Using compiler version '193933523'; Build Type 'Release'
OS: 'Windows 11  (10.0.26100) 64bit CoreSingleLanguage' Language: 'pt' Physical Memory: 16176 MB
BatchMode: 1, IsHumanControllingUs: 0, StartBugReporterOnCrash: 0, Is64bit: 1, IsPro: 1

COMMAND LINE ARGUMENTS:
C:\Program Files\Unity\Hub\Editor\6000.0.35f1\Editor\Unity.exe
-adb2
-batchMode
-noUpm
-name
AssetImportWorker5
-projectPath
C:/Users/jvtro/OneDrive/Documentos/GitHub/Orfanato-de-Mary-Carry/Orfanato de Mary Carry
-logFile
Logs/AssetImportWorker5.log
-srvPort
60417
-job-worker-count
9
-background-job-worker-count
8
-gc-helper-count
1
Successfully changed project path to: C:/Users/jvtro/OneDrive/Documentos/GitHub/Orfanato-de-Mary-Carry/Orfanato de Mary Carry
C:/Users/jvtro/OneDrive/Documentos/GitHub/Orfanato-de-Mary-Carry/Orfanato de Mary Carry
[UnityMemory] Configuration Parameters - Can be set up in boot.config
    "memorysetup-bucket-allocator-granularity=16"
    "memorysetup-bucket-allocator-bucket-count=8"
    "memorysetup-bucket-allocator-block-size=33554432"
    "memorysetup-bucket-allocator-block-count=8"
    "memorysetup-main-allocator-block-size=16777216"
    "memorysetup-thread-allocator-block-size=16777216"
    "memorysetup-gfx-main-allocator-block-size=16777216"
    "memorysetup-gfx-thread-allocator-block-size=16777216"
    "memorysetup-cache-allocator-block-size=4194304"
    "memorysetup-typetree-allocator-block-size=2097152"
    "memorysetup-profiler-bucket-allocator-granularity=16"
    "memorysetup-profiler-bucket-allocator-bucket-count=8"
    "memorysetup-profiler-bucket-allocator-block-size=33554432"
    "memorysetup-profiler-bucket-allocator-block-count=8"
    "memorysetup-profiler-allocator-block-size=16777216"
    "memorysetup-profiler-editor-allocator-block-size=1048576"
    "memorysetup-temp-allocator-size-main=16777216"
    "memorysetup-job-temp-allocator-block-size=2097152"
    "memorysetup-job-temp-allocator-block-size-background=1048576"
    "memorysetup-job-temp-allocator-reduction-small-platforms=262144"
    "memorysetup-allocator-temp-initial-block-size-main=262144"
    "memorysetup-allocator-temp-initial-block-size-worker=262144"
    "memorysetup-temp-allocator-size-background-worker=32768"
    "memorysetup-temp-allocator-size-job-worker=262144"
    "memorysetup-temp-allocator-size-preload-manager=33554432"
    "memorysetup-temp-allocator-size-nav-mesh-worker=65536"
    "memorysetup-temp-allocator-size-audio-worker=65536"
    "memorysetup-temp-allocator-size-cloud-worker=32768"
    "memorysetup-temp-allocator-size-gi-baking-worker=262144"
    "memorysetup-temp-allocator-size-gi-baking-worker=262144"
    "memorysetup-temp-allocator-size-gi-baking-worker=262144"
    "memorysetup-temp-allocator-size-gi-baking-worker=262144"
    "memorysetup-temp-allocator-size-gi-baking-worker=262144"
    "memorysetup-temp-allocator-size-gfx=262144"
Player connection [9164]  Target information:

Player connection [9164]  * "[IP] 192.168.15.6 [Port] 0 [Flags] 2 [Guid] 1019557464 [EditorId] 1019557464 [Version] 1048832 [Id] WindowsEditor(7,J4C) [Debug] 1 [PackageName] WindowsEditor [ProjectName] Editor" 

Player connection [9164] Host joined multi-casting on [225.0.0.222:54997]...
Player connection [9164] Host joined alternative multi-casting on [225.0.0.222:34997]...
JobSystem: Creating JobQueue using job-worker-count value 9
Input System module state changed to: Initialized.
[Physics::Module] Initialized fallback backend.
[Physics::Module] Id: 0xdecafbad
Library Redirect Path: Library/
[Physics::Module] Selected backend.
[Physics::Module] Name: PhysX
[Physics::Module] Id: 0xf2b8ea05
[Physics::Module] SDK Version: 4.1.2
[Physics::Module] Integration Version: 1.0.0
[Physics::Module] Threading Mode: Multi-Threaded
Refreshing native plugins compatible for Editor in 1.52 ms, found 3 plugins.
Preloading 0 native plugins for Editor in 0.00 ms.
Initialize engine version: 6000.0.35f1 (9a3bc604008a)
[Subsystems] Discovering subsystems at path C:/Program Files/Unity/Hub/Editor/6000.0.35f1/Editor/Data/Resources/UnitySubsystems
[Subsystems] Discovering subsystems at path C:/Users/jvtro/OneDrive/Documentos/GitHub/Orfanato-de-Mary-Carry/Orfanato de Mary Carry/Assets
GfxDevice: creating device client; kGfxThreadingModeNonThreaded
Direct3D:
    Version:         Direct3D 12 [level 12.1]
    Renderer:        NVIDIA GeForce RTX 3060 Laptop GPU (ID=0x2560)
    Vendor:          NVIDIA
    VRAM:            6010 MB
    App VRAM Budget: 5242 MB
    Driver:          31.0.15.4630
Initialize mono
Mono path[0] = 'C:/Program Files/Unity/Hub/Editor/6000.0.35f1/Editor/Data/Managed'
Mono path[1] = 'C:/Program Files/Unity/Hub/Editor/6000.0.35f1/Editor/Data/MonoBleedingEdge/lib/mono/unityjit-win32'
Mono config path = 'C:/Program Files/Unity/Hub/Editor/6000.0.35f1/Editor/Data/MonoBleedingEdge/etc'
Using monoOptions --debugger-agent=transport=dt_socket,embedding=1,server=y,suspend=n,address=127.0.0.1:56636
Begin MonoManager ReloadAssembly
Registering precompiled unity dll's ...
Register platform support module: C:/Program Files/Unity/Hub/Editor/6000.0.35f1/Editor/Data/PlaybackEngines/WindowsStandaloneSupport/UnityEditor.WindowsStandalone.Extensions.dll
Registered in 0.004360 seconds.
- Loaded All Assemblies, in  0.433 seconds
Native extension for WindowsStandalone target not found
Mono: successfully reloaded assembly
- Finished resetting the current domain, in  0.353 seconds
Domain Reload Profiling: 783ms
	BeginReloadAssembly (155ms)
		ExecutionOrderSort (0ms)
		DisableScriptedObjects (0ms)
		BackupInstance (0ms)
		ReleaseScriptingObjects (0ms)
		CreateAndSetChildDomain (1ms)
	RebuildCommonClasses (36ms)
	RebuildNativeTypeToScriptingClass (13ms)
	initialDomainReloadingComplete (58ms)
	LoadAllAssembliesAndSetupDomain (169ms)
		LoadAssemblies (152ms)
		RebuildTransferFunctionScriptingTraits (0ms)
		AnalyzeDomain (166ms)
			TypeCache.Refresh (164ms)
				TypeCache.ScanAssembly (149ms)
			BuildScriptInfoCaches (0ms)
			ResolveRequiredComponents (0ms)
	FinalizeReload (353ms)
		ReleaseScriptCaches (0ms)
		RebuildScriptCaches (0ms)
		SetupLoadedEditorAssemblies (301ms)
			LogAssemblyErrors (0ms)
			InitializePlatformSupportModulesInManaged (26ms)
			SetLoadedEditorAssemblies (4ms)
			BeforeProcessingInitializeOnLoad (53ms)
			ProcessInitializeOnLoadAttributes (162ms)
			ProcessInitializeOnLoadMethodAttributes (54ms)
			AfterProcessingInitializeOnLoad (0ms)
			EditorAssembliesLoaded (0ms)
		ExecutionOrderSort2 (0ms)
		AwakeInstancesAfterBackupRestoration (0ms)
========================================================================
Worker process is ready to serve import requests
Import Worker Mode flag is 0x00
Begin MonoManager ReloadAssembly
- Loaded All Assemblies, in  1.109 seconds
'Packages/com.unity.render-pipelines.high-definition/Editor/Wizard/HDWizard.UIElement.cs' contains partial class of Unity.Object, exactly 1 of the partial classes needs to be in a file with the same filename. This is to know the one that can be referenced from ie. GameObjects
'Packages/com.unity.render-pipelines.high-definition/Editor/Wizard/HDWizard.Configuration.cs' contains partial class of Unity.Object, exactly 1 of the partial classes needs to be in a file with the same filename. This is to know the one that can be referenced from ie. GameObjects
'Packages/com.unity.render-pipelines.high-definition/Editor/Wizard/HDWizard.Window.cs' contains partial class of Unity.Object, exactly 1 of the partial classes needs to be in a file with the same filename. This is to know the one that can be referenced from ie. GameObjects
Refreshing native plugins compatible for Editor in 1.05 ms, found 3 plugins.
Native extension for WindowsStandalone target not found
Mono: successfully reloaded assembly
- Finished resetting the current domain, in  1.091 seconds
Domain Reload Profiling: 2195ms
	BeginReloadAssembly (184ms)
		ExecutionOrderSort (0ms)
		DisableScriptedObjects (6ms)
		BackupInstance (0ms)
		ReleaseScriptingObjects (0ms)
		CreateAndSetChildDomain (32ms)
	RebuildCommonClasses (39ms)
	RebuildNativeTypeToScriptingClass (10ms)
	initialDomainReloadingComplete (49ms)
	LoadAllAssembliesAndSetupDomain (821ms)
		LoadAssemblies (537ms)
		RebuildTransferFunctionScriptingTraits (0ms)
		AnalyzeDomain (396ms)
			TypeCache.Refresh (306ms)
				TypeCache.ScanAssembly (288ms)
			BuildScriptInfoCaches (72ms)
			ResolveRequiredComponents (13ms)
	FinalizeReload (1091ms)
		ReleaseScriptCaches (0ms)
		RebuildScriptCaches (0ms)
		SetupLoadedEditorAssemblies (919ms)
			LogAssemblyErrors (0ms)
			InitializePlatformSupportModulesInManaged (5ms)
			SetLoadedEditorAssemblies (4ms)
			BeforeProcessingInitializeOnLoad (137ms)
			ProcessInitializeOnLoadAttributes (462ms)
			ProcessInitializeOnLoadMethodAttributes (306ms)
			AfterProcessingInitializeOnLoad (5ms)
			EditorAssembliesLoaded (0ms)
		ExecutionOrderSort2 (0ms)
		AwakeInstancesAfterBackupRestoration (6ms)
Launched and connected shader compiler UnityShaderCompiler.exe after 0.02 seconds
Refreshing native plugins compatible for Editor in 3.14 ms, found 3 plugins.
Preloading 0 native plugins for Editor in 0.00 ms.
Unloading 460 Unused Serialized files (Serialized files now loaded: 0)
Unloading 7292 unused Assets / (6.3 MB). Loaded Objects now: 8231.
Memory consumption went from 254.3 MB to 248.0 MB.
Total: 11.310400 ms (FindLiveObjects: 1.973700 ms CreateObjectMapping: 1.006000 ms MarkObjects: 4.370000 ms  DeleteObjects: 3.959100 ms)

========================================================================
Received Import Request.
  Time since last request: 292005.950736 seconds.
  path: Assets/audios/iza cochichando.mp3
  artifactKey: Guid(ede482037d25b324192055518687b672) Importer(815301076,1909f56bfc062723c751e8b465ee728b)
Start importing Assets/audios/iza cochichando.mp3 using Guid(ede482037d25b324192055518687b672) Importer(815301076,1909f56bfc062723c751e8b465ee728b) (PreviewImporter) -> (artifact id: 'c8988520777060b436f12b9fd2f38ac9') in 0.1662976 seconds
Number of updated asset objects reloaded before import = 0Number of asset objects unloaded after import = 2

========================================================================
Received Import Request.
  Time since last request: 0.000032 seconds.
  path: Assets/texturas/TCom_Paint_Chipped_1K_albedo.tif
  artifactKey: Guid(2df60e0da34b2594a80e2717b5af2f65) Importer(815301076,1909f56bfc062723c751e8b465ee728b)
Start importing Assets/texturas/TCom_Paint_Chipped_1K_albedo.tif using Guid(2df60e0da34b2594a80e2717b5af2f65) Importer(815301076,1909f56bfc062723c751e8b465ee728b) (PreviewImporter) -> (artifact id: '681768977542fe40311c37c893576507') in 0.0398162 seconds
Number of updated asset objects reloaded before import = 0Number of asset objects unloaded after import = 2

========================================================================
Received Import Request.
  Time since last request: 0.000032 seconds.
  path: Assets/portas/DoorPackFree/Meshes/Door001/V3/porta zelador.mat
  artifactKey: Guid(da3b0795c91693742a186ea8dabdccb8) Importer(815301076,1909f56bfc062723c751e8b465ee728b)
Start importing Assets/portas/DoorPackFree/Meshes/Door001/V3/porta zelador.mat using Guid(da3b0795c91693742a186ea8dabdccb8) Importer(815301076,1909f56bfc062723c751e8b465ee728b) (PreviewImporter) -> (artifact id: '2ea5da216718daaeae4ea650508949c3') in 1.2455955 seconds
Number of updated asset objects reloaded before import = 0Number of asset objects unloaded after import = 2

========================================================================
Received Prepare
Begin MonoManager ReloadAssembly
Leak Detected : Persistent allocates 8 individual allocations. To find out more please enable 'Preferences > Jobs > Leak Detection Level > Enabled With Stack Trace' and reproduce the leak again.
- Loaded All Assemblies, in  0.698 seconds
'Packages/com.unity.render-pipelines.high-definition/Editor/Wizard/HDWizard.UIElement.cs' contains partial class of Unity.Object, exactly 1 of the partial classes needs to be in a file with the same filename. This is to know the one that can be referenced from ie. GameObjects
'Packages/com.unity.render-pipelines.high-definition/Editor/Wizard/HDWizard.Configuration.cs' contains partial class of Unity.Object, exactly 1 of the partial classes needs to be in a file with the same filename. This is to know the one that can be referenced from ie. GameObjects
'Packages/com.unity.render-pipelines.high-definition/Editor/Wizard/HDWizard.Window.cs' contains partial class of Unity.Object, exactly 1 of the partial classes needs to be in a file with the same filename. This is to know the one that can be referenced from ie. GameObjects
Refreshing native plugins compatible for Editor in 1.35 ms, found 3 plugins.
Native extension for WindowsStandalone target not found
Mono: successfully reloaded assembly
- Finished resetting the current domain, in  0.786 seconds
Domain Reload Profiling: 1485ms
	BeginReloadAssembly (219ms)
		ExecutionOrderSort (0ms)
		DisableScriptedObjects (34ms)
		BackupInstance (0ms)
		ReleaseScriptingObjects (0ms)
		CreateAndSetChildDomain (63ms)
	RebuildCommonClasses (26ms)
	RebuildNativeTypeToScriptingClass (9ms)
	initialDomainReloadingComplete (23ms)
	LoadAllAssembliesAndSetupDomain (422ms)
		LoadAssemblies (294ms)
		RebuildTransferFunctionScriptingTraits (0ms)
		AnalyzeDomain (202ms)
			TypeCache.Refresh (7ms)
				TypeCache.ScanAssembly (0ms)
			BuildScriptInfoCaches (179ms)
			ResolveRequiredComponents (9ms)
	FinalizeReload (786ms)
		ReleaseScriptCaches (0ms)
		RebuildScriptCaches (0ms)
		SetupLoadedEditorAssemblies (539ms)
			LogAssemblyErrors (0ms)
			InitializePlatformSupportModulesInManaged (2ms)
			SetLoadedEditorAssemblies (3ms)
			BeforeProcessingInitializeOnLoad (86ms)
			ProcessInitializeOnLoadAttributes (375ms)
			ProcessInitializeOnLoadMethodAttributes (67ms)
			AfterProcessingInitializeOnLoad (5ms)
			EditorAssembliesLoaded (0ms)
		ExecutionOrderSort2 (0ms)
		AwakeInstancesAfterBackupRestoration (16ms)
Refreshing native plugins compatible for Editor in 1.61 ms, found 3 plugins.
Preloading 0 native plugins for Editor in 0.00 ms.
Unloading 32 Unused Serialized files (Serialized files now loaded: 0)
Unloading 7290 unused Assets / (6.0 MB). Loaded Objects now: 8373.
Memory consumption went from 245.4 MB to 239.4 MB.
Total: 9.027200 ms (FindLiveObjects: 0.755900 ms CreateObjectMapping: 0.731000 ms MarkObjects: 4.513600 ms  DeleteObjects: 3.025200 ms)

Prepare: number of updated asset objects reloaded= 0
========================================================================
Received Prepare
Begin MonoManager ReloadAssembly
- Loaded All Assemblies, in  0.625 seconds
'Packages/com.unity.render-pipelines.high-definition/Editor/Wizard/HDWizard.UIElement.cs' contains partial class of Unity.Object, exactly 1 of the partial classes needs to be in a file with the same filename. This is to know the one that can be referenced from ie. GameObjects
'Packages/com.unity.render-pipelines.high-definition/Editor/Wizard/HDWizard.Configuration.cs' contains partial class of Unity.Object, exactly 1 of the partial classes needs to be in a file with the same filename. This is to know the one that can be referenced from ie. GameObjects
'Packages/com.unity.render-pipelines.high-definition/Editor/Wizard/HDWizard.Window.cs' contains partial class of Unity.Object, exactly 1 of the partial classes needs to be in a file with the same filename. This is to know the one that can be referenced from ie. GameObjects
Refreshing native plugins compatible for Editor in 0.91 ms, found 3 plugins.
Native extension for WindowsStandalone target not found
Mono: successfully reloaded assembly
- Finished resetting the current domain, in  0.641 seconds
Domain Reload Profiling: 1267ms
	BeginReloadAssembly (167ms)
		ExecutionOrderSort (0ms)
		DisableScriptedObjects (6ms)
		BackupInstance (0ms)
		ReleaseScriptingObjects (0ms)
		CreateAndSetChildDomain (46ms)
	RebuildCommonClasses (26ms)
	RebuildNativeTypeToScriptingClass (9ms)
	initialDomainReloadingComplete (21ms)
	LoadAllAssembliesAndSetupDomain (402ms)
		LoadAssemblies (277ms)
		RebuildTransferFunctionScriptingTraits (0ms)
		AnalyzeDomain (197ms)
			TypeCache.Refresh (8ms)
				TypeCache.ScanAssembly (0ms)
			BuildScriptInfoCaches (175ms)
			ResolveRequiredComponents (9ms)
	FinalizeReload (642ms)
		ReleaseScriptCaches (0ms)
		RebuildScriptCaches (0ms)
		SetupLoadedEditorAssemblies (450ms)
			LogAssemblyErrors (0ms)
			InitializePlatformSupportModulesInManaged (2ms)
			SetLoadedEditorAssemblies (3ms)
			BeforeProcessingInitializeOnLoad (86ms)
			ProcessInitializeOnLoadAttributes (298ms)
			ProcessInitializeOnLoadMethodAttributes (57ms)
			AfterProcessingInitializeOnLoad (5ms)
			EditorAssembliesLoaded (0ms)
		ExecutionOrderSort2 (0ms)
		AwakeInstancesAfterBackupRestoration (12ms)
Refreshing native plugins compatible for Editor in 1.66 ms, found 3 plugins.
Preloading 0 native plugins for Editor in 0.00 ms.
Unloading 14 Unused Serialized files (Serialized files now loaded: 0)
Unloading 7290 unused Assets / (5.2 MB). Loaded Objects now: 8375.
Memory consumption went from 250.8 MB to 245.6 MB.
Total: 8.339600 ms (FindLiveObjects: 0.694800 ms CreateObjectMapping: 0.613900 ms MarkObjects: 4.502600 ms  DeleteObjects: 2.526900 ms)

Prepare: number of updated asset objects reloaded= 0
========================================================================
Received Prepare
Begin MonoManager ReloadAssembly
- Loaded All Assemblies, in  0.636 seconds
'Packages/com.unity.render-pipelines.high-definition/Editor/Wizard/HDWizard.UIElement.cs' contains partial class of Unity.Object, exactly 1 of the partial classes needs to be in a file with the same filename. This is to know the one that can be referenced from ie. GameObjects
'Packages/com.unity.render-pipelines.high-definition/Editor/Wizard/HDWizard.Configuration.cs' contains partial class of Unity.Object, exactly 1 of the partial classes needs to be in a file with the same filename. This is to know the one that can be referenced from ie. GameObjects
'Packages/com.unity.render-pipelines.high-definition/Editor/Wizard/HDWizard.Window.cs' contains partial class of Unity.Object, exactly 1 of the partial classes needs to be in a file with the same filename. This is to know the one that can be referenced from ie. GameObjects
Refreshing native plugins compatible for Editor in 1.08 ms, found 3 plugins.
Native extension for WindowsStandalone target not found
Mono: successfully reloaded assembly
- Finished resetting the current domain, in  0.649 seconds
Domain Reload Profiling: 1286ms
	BeginReloadAssembly (166ms)
		ExecutionOrderSort (0ms)
		DisableScriptedObjects (5ms)
		BackupInstance (0ms)
		ReleaseScriptingObjects (0ms)
		CreateAndSetChildDomain (43ms)
	RebuildCommonClasses (28ms)
	RebuildNativeTypeToScriptingClass (9ms)
	initialDomainReloadingComplete (21ms)
	LoadAllAssembliesAndSetupDomain (412ms)
		LoadAssemblies (287ms)
		RebuildTransferFunctionScriptingTraits (0ms)
		AnalyzeDomain (198ms)
			TypeCache.Refresh (7ms)
				TypeCache.ScanAssembly (0ms)
			BuildScriptInfoCaches (176ms)
			ResolveRequiredComponents (9ms)
	FinalizeReload (650ms)
		ReleaseScriptCaches (0ms)
		RebuildScriptCaches (0ms)
		SetupLoadedEditorAssemblies (443ms)
			LogAssemblyErrors (0ms)
			InitializePlatformSupportModulesInManaged (2ms)
			SetLoadedEditorAssemblies (3ms)
			BeforeProcessingInitializeOnLoad (87ms)
			ProcessInitializeOnLoadAttributes (282ms)
			ProcessInitializeOnLoadMethodAttributes (64ms)
			AfterProcessingInitializeOnLoad (5ms)
			EditorAssembliesLoaded (0ms)
		ExecutionOrderSort2 (0ms)
		AwakeInstancesAfterBackupRestoration (18ms)
Refreshing native plugins compatible for Editor in 1.54 ms, found 3 plugins.
Preloading 0 native plugins for Editor in 0.00 ms.
Unloading 14 Unused Serialized files (Serialized files now loaded: 0)
Unloading 7290 unused Assets / (5.7 MB). Loaded Objects now: 8377.
Memory consumption went from 260.3 MB to 254.6 MB.
Total: 8.563500 ms (FindLiveObjects: 0.757300 ms CreateObjectMapping: 0.643600 ms MarkObjects: 4.471700 ms  DeleteObjects: 2.689300 ms)

Prepare: number of updated asset objects reloaded= 0
========================================================================
Received Prepare
Begin MonoManager ReloadAssembly
- Loaded All Assemblies, in  0.618 seconds
'Packages/com.unity.render-pipelines.high-definition/Editor/Wizard/HDWizard.UIElement.cs' contains partial class of Unity.Object, exactly 1 of the partial classes needs to be in a file with the same filename. This is to know the one that can be referenced from ie. GameObjects
'Packages/com.unity.render-pipelines.high-definition/Editor/Wizard/HDWizard.Configuration.cs' contains partial class of Unity.Object, exactly 1 of the partial classes needs to be in a file with the same filename. This is to know the one that can be referenced from ie. GameObjects
'Packages/com.unity.render-pipelines.high-definition/Editor/Wizard/HDWizard.Window.cs' contains partial class of Unity.Object, exactly 1 of the partial classes needs to be in a file with the same filename. This is to know the one that can be referenced from ie. GameObjects
Refreshing native plugins compatible for Editor in 0.96 ms, found 3 plugins.
Native extension for WindowsStandalone target not found
Mono: successfully reloaded assembly
- Finished resetting the current domain, in  0.628 seconds
Domain Reload Profiling: 1248ms
	BeginReloadAssembly (161ms)
		ExecutionOrderSort (0ms)
		DisableScriptedObjects (5ms)
		BackupInstance (0ms)
		ReleaseScriptingObjects (0ms)
		CreateAndSetChildDomain (42ms)
	RebuildCommonClasses (26ms)
	RebuildNativeTypeToScriptingClass (9ms)
	initialDomainReloadingComplete (21ms)
	LoadAllAssembliesAndSetupDomain (402ms)
		LoadAssemblies (276ms)
		RebuildTransferFunctionScriptingTraits (0ms)
		AnalyzeDomain (197ms)
			TypeCache.Refresh (7ms)
				TypeCache.ScanAssembly (0ms)
			BuildScriptInfoCaches (176ms)
			ResolveRequiredComponents (9ms)
	FinalizeReload (629ms)
		ReleaseScriptCaches (0ms)
		RebuildScriptCaches (0ms)
		SetupLoadedEditorAssemblies (434ms)
			LogAssemblyErrors (0ms)
			InitializePlatformSupportModulesInManaged (2ms)
			SetLoadedEditorAssemblies (3ms)
			BeforeProcessingInitializeOnLoad (86ms)
			ProcessInitializeOnLoadAttributes (285ms)
			ProcessInitializeOnLoadMethodAttributes (52ms)
			AfterProcessingInitializeOnLoad (6ms)
			EditorAssembliesLoaded (0ms)
		ExecutionOrderSort2 (0ms)
		AwakeInstancesAfterBackupRestoration (13ms)
Refreshing native plugins compatible for Editor in 1.73 ms, found 3 plugins.
Preloading 0 native plugins for Editor in 0.00 ms.
Unloading 14 Unused Serialized files (Serialized files now loaded: 0)
Unloading 7290 unused Assets / (5.4 MB). Loaded Objects now: 8379.
Memory consumption went from 273.7 MB to 268.3 MB.
Total: 8.556000 ms (FindLiveObjects: 0.627800 ms CreateObjectMapping: 0.692700 ms MarkObjects: 4.417600 ms  DeleteObjects: 2.816300 ms)

Prepare: number of updated asset objects reloaded= 0
========================================================================
Received Prepare
Begin MonoManager ReloadAssembly
- Loaded All Assemblies, in  0.610 seconds
'Packages/com.unity.render-pipelines.high-definition/Editor/Wizard/HDWizard.UIElement.cs' contains partial class of Unity.Object, exactly 1 of the partial classes needs to be in a file with the same filename. This is to know the one that can be referenced from ie. GameObjects
'Packages/com.unity.render-pipelines.high-definition/Editor/Wizard/HDWizard.Configuration.cs' contains partial class of Unity.Object, exactly 1 of the partial classes needs to be in a file with the same filename. This is to know the one that can be referenced from ie. GameObjects
'Packages/com.unity.render-pipelines.high-definition/Editor/Wizard/HDWizard.Window.cs' contains partial class of Unity.Object, exactly 1 of the partial classes needs to be in a file with the same filename. This is to know the one that can be referenced from ie. GameObjects
Refreshing native plugins compatible for Editor in 1.00 ms, found 3 plugins.
Native extension for WindowsStandalone target not found
Mono: successfully reloaded assembly
- Finished resetting the current domain, in  0.617 seconds
Domain Reload Profiling: 1228ms
	BeginReloadAssembly (163ms)
		ExecutionOrderSort (0ms)
		DisableScriptedObjects (5ms)
		BackupInstance (0ms)
		ReleaseScriptingObjects (0ms)
		CreateAndSetChildDomain (41ms)
	RebuildCommonClasses (27ms)
	RebuildNativeTypeToScriptingClass (9ms)
	initialDomainReloadingComplete (22ms)
	LoadAllAssembliesAndSetupDomain (389ms)
		LoadAssemblies (272ms)
		RebuildTransferFunctionScriptingTraits (0ms)
		AnalyzeDomain (191ms)
			TypeCache.Refresh (7ms)
				TypeCache.ScanAssembly (0ms)
			BuildScriptInfoCaches (170ms)
			ResolveRequiredComponents (9ms)
	FinalizeReload (617ms)
		ReleaseScriptCaches (0ms)
		RebuildScriptCaches (0ms)
		SetupLoadedEditorAssemblies (421ms)
			LogAssemblyErrors (0ms)
			InitializePlatformSupportModulesInManaged (2ms)
			SetLoadedEditorAssemblies (3ms)
			BeforeProcessingInitializeOnLoad (82ms)
			ProcessInitializeOnLoadAttributes (284ms)
			ProcessInitializeOnLoadMethodAttributes (47ms)
			AfterProcessingInitializeOnLoad (4ms)
			EditorAssembliesLoaded (0ms)
		ExecutionOrderSort2 (0ms)
		AwakeInstancesAfterBackupRestoration (13ms)
Refreshing native plugins compatible for Editor in 1.02 ms, found 3 plugins.
Preloading 0 native plugins for Editor in 0.00 ms.
Unloading 14 Unused Serialized files (Serialized files now loaded: 0)
Unloading 7290 unused Assets / (5.6 MB). Loaded Objects now: 8381.
Memory consumption went from 283.2 MB to 277.6 MB.
Total: 7.270100 ms (FindLiveObjects: 0.611800 ms CreateObjectMapping: 0.567000 ms MarkObjects: 3.688800 ms  DeleteObjects: 2.399800 ms)

Prepare: number of updated asset objects reloaded= 0
========================================================================
Received Prepare
Begin MonoManager ReloadAssembly
- Loaded All Assemblies, in  0.611 seconds
'Packages/com.unity.render-pipelines.high-definition/Editor/Wizard/HDWizard.UIElement.cs' contains partial class of Unity.Object, exactly 1 of the partial classes needs to be in a file with the same filename. This is to know the one that can be referenced from ie. GameObjects
'Packages/com.unity.render-pipelines.high-definition/Editor/Wizard/HDWizard.Configuration.cs' contains partial class of Unity.Object, exactly 1 of the partial classes needs to be in a file with the same filename. This is to know the one that can be referenced from ie. GameObjects
'Packages/com.unity.render-pipelines.high-definition/Editor/Wizard/HDWizard.Window.cs' contains partial class of Unity.Object, exactly 1 of the partial classes needs to be in a file with the same filename. This is to know the one that can be referenced from ie. GameObjects
Refreshing native plugins compatible for Editor in 0.94 ms, found 3 plugins.
Native extension for WindowsStandalone target not found
Mono: successfully reloaded assembly
- Finished resetting the current domain, in  0.627 seconds
Domain Reload Profiling: 1239ms
	BeginReloadAssembly (162ms)
		ExecutionOrderSort (0ms)
		DisableScriptedObjects (5ms)
		BackupInstance (0ms)
		ReleaseScriptingObjects (0ms)
		CreateAndSetChildDomain (41ms)
	RebuildCommonClasses (26ms)
	RebuildNativeTypeToScriptingClass (9ms)
	initialDomainReloadingComplete (21ms)
	LoadAllAssembliesAndSetupDomain (394ms)
		LoadAssemblies (274ms)
		RebuildTransferFunctionScriptingTraits (0ms)
		AnalyzeDomain (194ms)
			TypeCache.Refresh (7ms)
				TypeCache.ScanAssembly (0ms)
			BuildScriptInfoCaches (171ms)
			ResolveRequiredComponents (10ms)
	FinalizeReload (627ms)
		ReleaseScriptCaches (0ms)
		RebuildScriptCaches (0ms)
		SetupLoadedEditorAssemblies (431ms)
			LogAssemblyErrors (0ms)
			InitializePlatformSupportModulesInManaged (2ms)
			SetLoadedEditorAssemblies (3ms)
			BeforeProcessingInitializeOnLoad (86ms)
			ProcessInitializeOnLoadAttributes (288ms)
			ProcessInitializeOnLoadMethodAttributes (46ms)
			AfterProcessingInitializeOnLoad (5ms)
			EditorAssembliesLoaded (0ms)
		ExecutionOrderSort2 (0ms)
		AwakeInstancesAfterBackupRestoration (13ms)
Refreshing native plugins compatible for Editor in 1.91 ms, found 3 plugins.
Preloading 0 native plugins for Editor in 0.00 ms.
Unloading 14 Unused Serialized files (Serialized files now loaded: 0)
Unloading 7290 unused Assets / (5.8 MB). Loaded Objects now: 8383.
Memory consumption went from 292.7 MB to 286.9 MB.
Total: 8.963200 ms (FindLiveObjects: 0.653900 ms CreateObjectMapping: 0.872100 ms MarkObjects: 4.450100 ms  DeleteObjects: 2.985900 ms)

Prepare: number of updated asset objects reloaded= 0
========================================================================
Received Prepare
Begin MonoManager ReloadAssembly
- Loaded All Assemblies, in  0.605 seconds
'Packages/com.unity.render-pipelines.high-definition/Editor/Wizard/HDWizard.UIElement.cs' contains partial class of Unity.Object, exactly 1 of the partial classes needs to be in a file with the same filename. This is to know the one that can be referenced from ie. GameObjects
'Packages/com.unity.render-pipelines.high-definition/Editor/Wizard/HDWizard.Configuration.cs' contains partial class of Unity.Object, exactly 1 of the partial classes needs to be in a file with the same filename. This is to know the one that can be referenced from ie. GameObjects
'Packages/com.unity.render-pipelines.high-definition/Editor/Wizard/HDWizard.Window.cs' contains partial class of Unity.Object, exactly 1 of the partial classes needs to be in a file with the same filename. This is to know the one that can be referenced from ie. GameObjects
Refreshing native plugins compatible for Editor in 1.11 ms, found 3 plugins.
Native extension for WindowsStandalone target not found
Mono: successfully reloaded assembly
- Finished resetting the current domain, in  0.608 seconds
Domain Reload Profiling: 1215ms
	BeginReloadAssembly (161ms)
		ExecutionOrderSort (0ms)
		DisableScriptedObjects (5ms)
		BackupInstance (0ms)
		ReleaseScriptingObjects (0ms)
		CreateAndSetChildDomain (40ms)
	RebuildCommonClasses (28ms)
	RebuildNativeTypeToScriptingClass (9ms)
	initialDomainReloadingComplete (21ms)
	LoadAllAssembliesAndSetupDomain (387ms)
		LoadAssemblies (272ms)
		RebuildTransferFunctionScriptingTraits (0ms)
		AnalyzeDomain (188ms)
			TypeCache.Refresh (7ms)
				TypeCache.ScanAssembly (0ms)
			BuildScriptInfoCaches (167ms)
			ResolveRequiredComponents (9ms)
	FinalizeReload (608ms)
		ReleaseScriptCaches (0ms)
		RebuildScriptCaches (0ms)
		SetupLoadedEditorAssemblies (416ms)
			LogAssemblyErrors (0ms)
			InitializePlatformSupportModulesInManaged (2ms)
			SetLoadedEditorAssemblies (3ms)
			BeforeProcessingInitializeOnLoad (86ms)
			ProcessInitializeOnLoadAttributes (275ms)
			ProcessInitializeOnLoadMethodAttributes (46ms)
			AfterProcessingInitializeOnLoad (4ms)
			EditorAssembliesLoaded (0ms)
		ExecutionOrderSort2 (0ms)
		AwakeInstancesAfterBackupRestoration (12ms)
Refreshing native plugins compatible for Editor in 1.41 ms, found 3 plugins.
Preloading 0 native plugins for Editor in 0.00 ms.
Unloading 14 Unused Serialized files (Serialized files now loaded: 0)
Unloading 7290 unused Assets / (5.7 MB). Loaded Objects now: 8385.
Memory consumption went from 302.2 MB to 296.5 MB.
Total: 8.488100 ms (FindLiveObjects: 0.676800 ms CreateObjectMapping: 0.718500 ms MarkObjects: 4.378300 ms  DeleteObjects: 2.713400 ms)

Prepare: number of updated asset objects reloaded= 0
========================================================================
Received Prepare
Begin MonoManager ReloadAssembly
- Loaded All Assemblies, in  0.613 seconds
'Packages/com.unity.render-pipelines.high-definition/Editor/Wizard/HDWizard.UIElement.cs' contains partial class of Unity.Object, exactly 1 of the partial classes needs to be in a file with the same filename. This is to know the one that can be referenced from ie. GameObjects
'Packages/com.unity.render-pipelines.high-definition/Editor/Wizard/HDWizard.Configuration.cs' contains partial class of Unity.Object, exactly 1 of the partial classes needs to be in a file with the same filename. This is to know the one that can be referenced from ie. GameObjects
'Packages/com.unity.render-pipelines.high-definition/Editor/Wizard/HDWizard.Window.cs' contains partial class of Unity.Object, exactly 1 of the partial classes needs to be in a file with the same filename. This is to know the one that can be referenced from ie. GameObjects
Refreshing native plugins compatible for Editor in 1.03 ms, found 3 plugins.
Native extension for WindowsStandalone target not found
Mono: successfully reloaded assembly
- Finished resetting the current domain, in  0.633 seconds
Domain Reload Profiling: 1249ms
	BeginReloadAssembly (164ms)
		ExecutionOrderSort (0ms)
		DisableScriptedObjects (6ms)
		BackupInstance (0ms)
		ReleaseScriptingObjects (0ms)
		CreateAndSetChildDomain (40ms)
	RebuildCommonClasses (28ms)
	RebuildNativeTypeToScriptingClass (9ms)
	initialDomainReloadingComplete (22ms)
	LoadAllAssembliesAndSetupDomain (393ms)
		LoadAssemblies (273ms)
		RebuildTransferFunctionScriptingTraits (0ms)
		AnalyzeDomain (193ms)
			TypeCache.Refresh (8ms)
				TypeCache.ScanAssembly (0ms)
			BuildScriptInfoCaches (170ms)
			ResolveRequiredComponents (10ms)
	FinalizeReload (633ms)
		ReleaseScriptCaches (0ms)
		RebuildScriptCaches (0ms)
		SetupLoadedEditorAssemblies (440ms)
			LogAssemblyErrors (0ms)
			InitializePlatformSupportModulesInManaged (2ms)
			SetLoadedEditorAssemblies (3ms)
			BeforeProcessingInitializeOnLoad (88ms)
			ProcessInitializeOnLoadAttributes (287ms)
			ProcessInitializeOnLoadMethodAttributes (54ms)
			AfterProcessingInitializeOnLoad (5ms)
			EditorAssembliesLoaded (0ms)
		ExecutionOrderSort2 (0ms)
		AwakeInstancesAfterBackupRestoration (13ms)
Refreshing native plugins compatible for Editor in 1.27 ms, found 3 plugins.
Preloading 0 native plugins for Editor in 0.00 ms.
Unloading 14 Unused Serialized files (Serialized files now loaded: 0)
Unloading 7290 unused Assets / (5.5 MB). Loaded Objects now: 8387.
Memory consumption went from 311.8 MB to 306.3 MB.
Total: 8.662400 ms (FindLiveObjects: 0.697700 ms CreateObjectMapping: 0.647000 ms MarkObjects: 4.585900 ms  DeleteObjects: 2.730500 ms)

Prepare: number of updated asset objects reloaded= 0
========================================================================
Received Prepare
Begin MonoManager ReloadAssembly
- Loaded All Assemblies, in  0.636 seconds
'Packages/com.unity.render-pipelines.high-definition/Editor/Wizard/HDWizard.UIElement.cs' contains partial class of Unity.Object, exactly 1 of the partial classes needs to be in a file with the same filename. This is to know the one that can be referenced from ie. GameObjects
'Packages/com.unity.render-pipelines.high-definition/Editor/Wizard/HDWizard.Configuration.cs' contains partial class of Unity.Object, exactly 1 of the partial classes needs to be in a file with the same filename. This is to know the one that can be referenced from ie. GameObjects
'Packages/com.unity.render-pipelines.high-definition/Editor/Wizard/HDWizard.Window.cs' contains partial class of Unity.Object, exactly 1 of the partial classes needs to be in a file with the same filename. This is to know the one that can be referenced from ie. GameObjects
Refreshing native plugins compatible for Editor in 1.01 ms, found 3 plugins.
Native extension for WindowsStandalone target not found
Mono: successfully reloaded assembly
- Finished resetting the current domain, in  0.676 seconds
Domain Reload Profiling: 1314ms
	BeginReloadAssembly (166ms)
		ExecutionOrderSort (0ms)
		DisableScriptedObjects (6ms)
		BackupInstance (0ms)
		ReleaseScriptingObjects (0ms)
		CreateAndSetChildDomain (42ms)
	RebuildCommonClasses (28ms)
	RebuildNativeTypeToScriptingClass (10ms)
	initialDomainReloadingComplete (21ms)
	LoadAllAssembliesAndSetupDomain (412ms)
		LoadAssemblies (294ms)
		RebuildTransferFunctionScriptingTraits (0ms)
		AnalyzeDomain (195ms)
			TypeCache.Refresh (10ms)
				TypeCache.ScanAssembly (0ms)
			BuildScriptInfoCaches (171ms)
			ResolveRequiredComponents (9ms)
	FinalizeReload (677ms)
		ReleaseScriptCaches (0ms)
		RebuildScriptCaches (0ms)
		SetupLoadedEditorAssemblies (476ms)
			LogAssemblyErrors (0ms)
			InitializePlatformSupportModulesInManaged (2ms)
			SetLoadedEditorAssemblies (3ms)
			BeforeProcessingInitializeOnLoad (82ms)
			ProcessInitializeOnLoadAttributes (325ms)
			ProcessInitializeOnLoadMethodAttributes (59ms)
			AfterProcessingInitializeOnLoad (5ms)
			EditorAssembliesLoaded (0ms)
		ExecutionOrderSort2 (0ms)
		AwakeInstancesAfterBackupRestoration (12ms)
Refreshing native plugins compatible for Editor in 1.12 ms, found 3 plugins.
Preloading 0 native plugins for Editor in 0.00 ms.
Unloading 14 Unused Serialized files (Serialized files now loaded: 0)
Unloading 7290 unused Assets / (4.9 MB). Loaded Objects now: 8389.
Memory consumption went from 321.3 MB to 316.4 MB.
Total: 7.052100 ms (FindLiveObjects: 0.604100 ms CreateObjectMapping: 0.559700 ms MarkObjects: 3.863400 ms  DeleteObjects: 2.024200 ms)

Prepare: number of updated asset objects reloaded= 0
========================================================================
Received Prepare
Begin MonoManager ReloadAssembly
- Loaded All Assemblies, in  0.635 seconds
'Packages/com.unity.render-pipelines.high-definition/Editor/Wizard/HDWizard.UIElement.cs' contains partial class of Unity.Object, exactly 1 of the partial classes needs to be in a file with the same filename. This is to know the one that can be referenced from ie. GameObjects
'Packages/com.unity.render-pipelines.high-definition/Editor/Wizard/HDWizard.Configuration.cs' contains partial class of Unity.Object, exactly 1 of the partial classes needs to be in a file with the same filename. This is to know the one that can be referenced from ie. GameObjects
'Packages/com.unity.render-pipelines.high-definition/Editor/Wizard/HDWizard.Window.cs' contains partial class of Unity.Object, exactly 1 of the partial classes needs to be in a file with the same filename. This is to know the one that can be referenced from ie. GameObjects
Refreshing native plugins compatible for Editor in 1.01 ms, found 3 plugins.
Native extension for WindowsStandalone target not found
Mono: successfully reloaded assembly
- Finished resetting the current domain, in  0.659 seconds
Domain Reload Profiling: 1295ms
	BeginReloadAssembly (159ms)
		ExecutionOrderSort (0ms)
		DisableScriptedObjects (5ms)
		BackupInstance (0ms)
		ReleaseScriptingObjects (0ms)
		CreateAndSetChildDomain (40ms)
	RebuildCommonClasses (27ms)
	RebuildNativeTypeToScriptingClass (11ms)
	initialDomainReloadingComplete (24ms)
	LoadAllAssembliesAndSetupDomain (414ms)
		LoadAssemblies (279ms)
		RebuildTransferFunctionScriptingTraits (0ms)
		AnalyzeDomain (205ms)
			TypeCache.Refresh (9ms)
				TypeCache.ScanAssembly (0ms)
			BuildScriptInfoCaches (182ms)
			ResolveRequiredComponents (9ms)
	FinalizeReload (659ms)
		ReleaseScriptCaches (0ms)
		RebuildScriptCaches (0ms)
		SetupLoadedEditorAssemblies (465ms)
			LogAssemblyErrors (0ms)
			InitializePlatformSupportModulesInManaged (2ms)
			SetLoadedEditorAssemblies (3ms)
			BeforeProcessingInitializeOnLoad (82ms)
			ProcessInitializeOnLoadAttributes (315ms)
			ProcessInitializeOnLoadMethodAttributes (59ms)
			AfterProcessingInitializeOnLoad (4ms)
			EditorAssembliesLoaded (0ms)
		ExecutionOrderSort2 (0ms)
		AwakeInstancesAfterBackupRestoration (11ms)
Refreshing native plugins compatible for Editor in 1.06 ms, found 3 plugins.
Preloading 0 native plugins for Editor in 0.00 ms.
Unloading 14 Unused Serialized files (Serialized files now loaded: 0)
Unloading 7290 unused Assets / (5.4 MB). Loaded Objects now: 8391.
Memory consumption went from 330.8 MB to 325.4 MB.
Total: 7.470600 ms (FindLiveObjects: 0.608700 ms CreateObjectMapping: 0.578400 ms MarkObjects: 4.143700 ms  DeleteObjects: 2.138600 ms)

Prepare: number of updated asset objects reloaded= 0
========================================================================
Received Prepare
Begin MonoManager ReloadAssembly
- Loaded All Assemblies, in  0.620 seconds
'Packages/com.unity.render-pipelines.high-definition/Editor/Wizard/HDWizard.UIElement.cs' contains partial class of Unity.Object, exactly 1 of the partial classes needs to be in a file with the same filename. This is to know the one that can be referenced from ie. GameObjects
'Packages/com.unity.render-pipelines.high-definition/Editor/Wizard/HDWizard.Configuration.cs' contains partial class of Unity.Object, exactly 1 of the partial classes needs to be in a file with the same filename. This is to know the one that can be referenced from ie. GameObjects
'Packages/com.unity.render-pipelines.high-definition/Editor/Wizard/HDWizard.Window.cs' contains partial class of Unity.Object, exactly 1 of the partial classes needs to be in a file with the same filename. This is to know the one that can be referenced from ie. GameObjects
Refreshing native plugins compatible for Editor in 0.99 ms, found 3 plugins.
Native extension for WindowsStandalone target not found
Mono: successfully reloaded assembly
- Finished resetting the current domain, in  0.612 seconds
Domain Reload Profiling: 1234ms
	BeginReloadAssembly (164ms)
		ExecutionOrderSort (0ms)
		DisableScriptedObjects (5ms)
		BackupInstance (0ms)
		ReleaseScriptingObjects (0ms)
		CreateAndSetChildDomain (42ms)
	RebuildCommonClasses (27ms)
	RebuildNativeTypeToScriptingClass (9ms)
	initialDomainReloadingComplete (21ms)
	LoadAllAssembliesAndSetupDomain (401ms)
		LoadAssemblies (276ms)
		RebuildTransferFunctionScriptingTraits (0ms)
		AnalyzeDomain (197ms)
			TypeCache.Refresh (8ms)
				TypeCache.ScanAssembly (0ms)
			BuildScriptInfoCaches (175ms)
			ResolveRequiredComponents (9ms)
	FinalizeReload (612ms)
		ReleaseScriptCaches (0ms)
		RebuildScriptCaches (0ms)
		SetupLoadedEditorAssemblies (418ms)
			LogAssemblyErrors (0ms)
			InitializePlatformSupportModulesInManaged (2ms)
			SetLoadedEditorAssemblies (3ms)
			BeforeProcessingInitializeOnLoad (85ms)
			ProcessInitializeOnLoadAttributes (278ms)
			ProcessInitializeOnLoadMethodAttributes (47ms)
			AfterProcessingInitializeOnLoad (3ms)
			EditorAssembliesLoaded (0ms)
		ExecutionOrderSort2 (0ms)
		AwakeInstancesAfterBackupRestoration (13ms)
Refreshing native plugins compatible for Editor in 1.56 ms, found 3 plugins.
Preloading 0 native plugins for Editor in 0.00 ms.
Unloading 14 Unused Serialized files (Serialized files now loaded: 0)
Unloading 7290 unused Assets / (5.3 MB). Loaded Objects now: 8393.
Memory consumption went from 340.3 MB to 335.0 MB.
Total: 8.841900 ms (FindLiveObjects: 0.724700 ms CreateObjectMapping: 0.696300 ms MarkObjects: 4.491900 ms  DeleteObjects: 2.927900 ms)

Prepare: number of updated asset objects reloaded= 0
========================================================================
Received Prepare
'Packages/com.unity.render-pipelines.high-definition/Editor/Wizard/HDWizard.UIElement.cs' contains partial class of Unity.Object, exactly 1 of the partial classes needs to be in a file with the same filename. This is to know the one that can be referenced from ie. GameObjects
'Packages/com.unity.render-pipelines.high-definition/Editor/Wizard/HDWizard.Configuration.cs' contains partial class of Unity.Object, exactly 1 of the partial classes needs to be in a file with the same filename. This is to know the one that can be referenced from ie. GameObjects
'Packages/com.unity.render-pipelines.high-definition/Editor/Wizard/HDWizard.Window.cs' contains partial class of Unity.Object, exactly 1 of the partial classes needs to be in a file with the same filename. This is to know the one that can be referenced from ie. GameObjects
Refreshing native plugins compatible for Editor in 1.29 ms, found 3 plugins.
Preloading 0 native plugins for Editor in 0.00 ms.
Unloading 14 Unused Serialized files (Serialized files now loaded: 0)
Unloading 7284 unused Assets / (5.3 MB). Loaded Objects now: 8394.
Memory consumption went from 350.1 MB to 344.8 MB.
Total: 8.908100 ms (FindLiveObjects: 0.608500 ms CreateObjectMapping: 0.550600 ms MarkObjects: 5.497100 ms  DeleteObjects: 2.250600 ms)

Prepare: number of updated asset objects reloaded= 0
========================================================================
Received Prepare
'Packages/com.unity.render-pipelines.high-definition/Editor/Wizard/HDWizard.UIElement.cs' contains partial class of Unity.Object, exactly 1 of the partial classes needs to be in a file with the same filename. This is to know the one that can be referenced from ie. GameObjects
'Packages/com.unity.render-pipelines.high-definition/Editor/Wizard/HDWizard.Configuration.cs' contains partial class of Unity.Object, exactly 1 of the partial classes needs to be in a file with the same filename. This is to know the one that can be referenced from ie. GameObjects
'Packages/com.unity.render-pipelines.high-definition/Editor/Wizard/HDWizard.Window.cs' contains partial class of Unity.Object, exactly 1 of the partial classes needs to be in a file with the same filename. This is to know the one that can be referenced from ie. GameObjects
Refreshing native plugins compatible for Editor in 1.12 ms, found 3 plugins.
Preloading 0 native plugins for Editor in 0.00 ms.
Unloading 14 Unused Serialized files (Serialized files now loaded: 0)
Unloading 7283 unused Assets / (5.8 MB). Loaded Objects now: 8393.
Memory consumption went from 359.6 MB to 353.8 MB.
Total: 7.846200 ms (FindLiveObjects: 0.648600 ms CreateObjectMapping: 0.602300 ms MarkObjects: 3.967400 ms  DeleteObjects: 2.626900 ms)

Prepare: number of updated asset objects reloaded= 0
========================================================================
Received Prepare
Begin MonoManager ReloadAssembly
- Loaded All Assemblies, in  0.631 seconds
'Packages/com.unity.render-pipelines.high-definition/Editor/Wizard/HDWizard.UIElement.cs' contains partial class of Unity.Object, exactly 1 of the partial classes needs to be in a file with the same filename. This is to know the one that can be referenced from ie. GameObjects
'Packages/com.unity.render-pipelines.high-definition/Editor/Wizard/HDWizard.Configuration.cs' contains partial class of Unity.Object, exactly 1 of the partial classes needs to be in a file with the same filename. This is to know the one that can be referenced from ie. GameObjects
'Packages/com.unity.render-pipelines.high-definition/Editor/Wizard/HDWizard.Window.cs' contains partial class of Unity.Object, exactly 1 of the partial classes needs to be in a file with the same filename. This is to know the one that can be referenced from ie. GameObjects
Refreshing native plugins compatible for Editor in 0.97 ms, found 3 plugins.
Native extension for WindowsStandalone target not found
Mono: successfully reloaded assembly
- Finished resetting the current domain, in  0.694 seconds
Domain Reload Profiling: 1326ms
	BeginReloadAssembly (162ms)
		ExecutionOrderSort (0ms)
		DisableScriptedObjects (5ms)
		BackupInstance (0ms)
		ReleaseScriptingObjects (0ms)
		CreateAndSetChildDomain (40ms)
	RebuildCommonClasses (29ms)
	RebuildNativeTypeToScriptingClass (12ms)
	initialDomainReloadingComplete (22ms)
	LoadAllAssembliesAndSetupDomain (407ms)
		LoadAssemblies (280ms)
		RebuildTransferFunctionScriptingTraits (0ms)
		AnalyzeDomain (199ms)
			TypeCache.Refresh (11ms)
				TypeCache.ScanAssembly (0ms)
			BuildScriptInfoCaches (175ms)
			ResolveRequiredComponents (9ms)
	FinalizeReload (694ms)
		ReleaseScriptCaches (0ms)
		RebuildScriptCaches (0ms)
		SetupLoadedEditorAssemblies (500ms)
			LogAssemblyErrors (0ms)
			InitializePlatformSupportModulesInManaged (2ms)
			SetLoadedEditorAssemblies (3ms)
			BeforeProcessingInitializeOnLoad (82ms)
			ProcessInitializeOnLoadAttributes (364ms)
			ProcessInitializeOnLoadMethodAttributes (45ms)
			AfterProcessingInitializeOnLoad (3ms)
			EditorAssembliesLoaded (0ms)
		ExecutionOrderSort2 (0ms)
		AwakeInstancesAfterBackupRestoration (10ms)
Refreshing native plugins compatible for Editor in 1.09 ms, found 3 plugins.
Preloading 0 native plugins for Editor in 0.00 ms.
Unloading 14 Unused Serialized files (Serialized files now loaded: 0)
Unloading 7290 unused Assets / (5.6 MB). Loaded Objects now: 8395.
Memory consumption went from 368.9 MB to 363.3 MB.
Total: 7.185400 ms (FindLiveObjects: 0.670100 ms CreateObjectMapping: 0.594300 ms MarkObjects: 3.702600 ms  DeleteObjects: 2.217200 ms)

Prepare: number of updated asset objects reloaded= 0
========================================================================
Received Prepare
Begin MonoManager ReloadAssembly
- Loaded All Assemblies, in  0.631 seconds
'Packages/com.unity.render-pipelines.high-definition/Editor/Wizard/HDWizard.UIElement.cs' contains partial class of Unity.Object, exactly 1 of the partial classes needs to be in a file with the same filename. This is to know the one that can be referenced from ie. GameObjects
'Packages/com.unity.render-pipelines.high-definition/Editor/Wizard/HDWizard.Configuration.cs' contains partial class of Unity.Object, exactly 1 of the partial classes needs to be in a file with the same filename. This is to know the one that can be referenced from ie. GameObjects
'Packages/com.unity.render-pipelines.high-definition/Editor/Wizard/HDWizard.Window.cs' contains partial class of Unity.Object, exactly 1 of the partial classes needs to be in a file with the same filename. This is to know the one that can be referenced from ie. GameObjects
Refreshing native plugins compatible for Editor in 1.00 ms, found 3 plugins.
Native extension for WindowsStandalone target not found
Mono: successfully reloaded assembly
- Finished resetting the current domain, in  0.630 seconds
Domain Reload Profiling: 1263ms
	BeginReloadAssembly (165ms)
		ExecutionOrderSort (0ms)
		DisableScriptedObjects (5ms)
		BackupInstance (0ms)
		ReleaseScriptingObjects (0ms)
		CreateAndSetChildDomain (40ms)
	RebuildCommonClasses (27ms)
	RebuildNativeTypeToScriptingClass (10ms)
	initialDomainReloadingComplete (22ms)
	LoadAllAssembliesAndSetupDomain (408ms)
		LoadAssemblies (286ms)
		RebuildTransferFunctionScriptingTraits (0ms)
		AnalyzeDomain (199ms)
			TypeCache.Refresh (9ms)
				TypeCache.ScanAssembly (0ms)
			BuildScriptInfoCaches (177ms)
			ResolveRequiredComponents (9ms)
	FinalizeReload (631ms)
		ReleaseScriptCaches (0ms)
		RebuildScriptCaches (0ms)
		SetupLoadedEditorAssemblies (430ms)
			LogAssemblyErrors (0ms)
			InitializePlatformSupportModulesInManaged (2ms)
			SetLoadedEditorAssemblies (3ms)
			BeforeProcessingInitializeOnLoad (82ms)
			ProcessInitializeOnLoadAttributes (282ms)
			ProcessInitializeOnLoadMethodAttributes (54ms)
			AfterProcessingInitializeOnLoad (7ms)
			EditorAssembliesLoaded (0ms)
		ExecutionOrderSort2 (0ms)
		AwakeInstancesAfterBackupRestoration (17ms)
Refreshing native plugins compatible for Editor in 1.31 ms, found 3 plugins.
Preloading 0 native plugins for Editor in 0.00 ms.
Unloading 14 Unused Serialized files (Serialized files now loaded: 0)
Unloading 7290 unused Assets / (6.7 MB). Loaded Objects now: 8397.
Memory consumption went from 378.4 MB to 371.8 MB.
Total: 9.836600 ms (FindLiveObjects: 0.667600 ms CreateObjectMapping: 0.690900 ms MarkObjects: 4.867000 ms  DeleteObjects: 3.609800 ms)

Prepare: number of updated asset objects reloaded= 0
========================================================================
Received Prepare
Begin MonoManager ReloadAssembly
- Loaded All Assemblies, in  0.627 seconds
'Packages/com.unity.render-pipelines.high-definition/Editor/Wizard/HDWizard.UIElement.cs' contains partial class of Unity.Object, exactly 1 of the partial classes needs to be in a file with the same filename. This is to know the one that can be referenced from ie. GameObjects
'Packages/com.unity.render-pipelines.high-definition/Editor/Wizard/HDWizard.Configuration.cs' contains partial class of Unity.Object, exactly 1 of the partial classes needs to be in a file with the same filename. This is to know the one that can be referenced from ie. GameObjects
'Packages/com.unity.render-pipelines.high-definition/Editor/Wizard/HDWizard.Window.cs' contains partial class of Unity.Object, exactly 1 of the partial classes needs to be in a file with the same filename. This is to know the one that can be referenced from ie. GameObjects
Refreshing native plugins compatible for Editor in 1.05 ms, found 3 plugins.
Native extension for WindowsStandalone target not found
Mono: successfully reloaded assembly
- Finished resetting the current domain, in  0.730 seconds
Domain Reload Profiling: 1359ms
	BeginReloadAssembly (159ms)
		ExecutionOrderSort (0ms)
		DisableScriptedObjects (5ms)
		BackupInstance (0ms)
		ReleaseScriptingObjects (0ms)
		CreateAndSetChildDomain (40ms)
	RebuildCommonClasses (29ms)
	RebuildNativeTypeToScriptingClass (10ms)
	initialDomainReloadingComplete (22ms)
	LoadAllAssembliesAndSetupDomain (408ms)
		LoadAssemblies (285ms)
		RebuildTransferFunctionScriptingTraits (0ms)
		AnalyzeDomain (194ms)
			TypeCache.Refresh (8ms)
				TypeCache.ScanAssembly (0ms)
			BuildScriptInfoCaches (171ms)
			ResolveRequiredComponents (9ms)
	FinalizeReload (731ms)
		ReleaseScriptCaches (0ms)
		RebuildScriptCaches (0ms)
		SetupLoadedEditorAssemblies (524ms)
			LogAssemblyErrors (0ms)
			InitializePlatformSupportModulesInManaged (2ms)
			SetLoadedEditorAssemblies (3ms)
			BeforeProcessingInitializeOnLoad (82ms)
			ProcessInitializeOnLoadAttributes (361ms)
			ProcessInitializeOnLoadMethodAttributes (72ms)
			AfterProcessingInitializeOnLoad (5ms)
			EditorAssembliesLoaded (0ms)
		ExecutionOrderSort2 (0ms)
		AwakeInstancesAfterBackupRestoration (15ms)
Refreshing native plugins compatible for Editor in 1.50 ms, found 3 plugins.
Preloading 0 native plugins for Editor in 0.00 ms.
Unloading 14 Unused Serialized files (Serialized files now loaded: 0)
Unloading 7290 unused Assets / (5.4 MB). Loaded Objects now: 8399.
Memory consumption went from 388.0 MB to 382.6 MB.
Total: 8.201500 ms (FindLiveObjects: 0.734900 ms CreateObjectMapping: 0.779200 ms MarkObjects: 4.065500 ms  DeleteObjects: 2.620600 ms)

Prepare: number of updated asset objects reloaded= 0
========================================================================
Received Prepare
Begin MonoManager ReloadAssembly
- Loaded All Assemblies, in  0.609 seconds
'Packages/com.unity.render-pipelines.high-definition/Editor/Wizard/HDWizard.UIElement.cs' contains partial class of Unity.Object, exactly 1 of the partial classes needs to be in a file with the same filename. This is to know the one that can be referenced from ie. GameObjects
'Packages/com.unity.render-pipelines.high-definition/Editor/Wizard/HDWizard.Configuration.cs' contains partial class of Unity.Object, exactly 1 of the partial classes needs to be in a file with the same filename. This is to know the one that can be referenced from ie. GameObjects
'Packages/com.unity.render-pipelines.high-definition/Editor/Wizard/HDWizard.Window.cs' contains partial class of Unity.Object, exactly 1 of the partial classes needs to be in a file with the same filename. This is to know the one that can be referenced from ie. GameObjects
Refreshing native plugins compatible for Editor in 1.08 ms, found 3 plugins.
Native extension for WindowsStandalone target not found
Mono: successfully reloaded assembly
- Finished resetting the current domain, in  0.676 seconds
Domain Reload Profiling: 1286ms
	BeginReloadAssembly (160ms)
		ExecutionOrderSort (0ms)
		DisableScriptedObjects (5ms)
		BackupInstance (0ms)
		ReleaseScriptingObjects (0ms)
		CreateAndSetChildDomain (40ms)
	RebuildCommonClasses (29ms)
	RebuildNativeTypeToScriptingClass (10ms)
	initialDomainReloadingComplete (24ms)
	LoadAllAssembliesAndSetupDomain (387ms)
		LoadAssemblies (268ms)
		RebuildTransferFunctionScriptingTraits (0ms)
		AnalyzeDomain (190ms)
			TypeCache.Refresh (9ms)
				TypeCache.ScanAssembly (0ms)
			BuildScriptInfoCaches (168ms)
			ResolveRequiredComponents (9ms)
	FinalizeReload (676ms)
		ReleaseScriptCaches (0ms)
		RebuildScriptCaches (0ms)
		SetupLoadedEditorAssemblies (482ms)
			LogAssemblyErrors (0ms)
			InitializePlatformSupportModulesInManaged (2ms)
			SetLoadedEditorAssemblies (3ms)
			BeforeProcessingInitializeOnLoad (84ms)
			ProcessInitializeOnLoadAttributes (337ms)
			ProcessInitializeOnLoadMethodAttributes (53ms)
			AfterProcessingInitializeOnLoad (3ms)
			EditorAssembliesLoaded (0ms)
		ExecutionOrderSort2 (0ms)
		AwakeInstancesAfterBackupRestoration (11ms)
Refreshing native plugins compatible for Editor in 1.57 ms, found 3 plugins.
Preloading 0 native plugins for Editor in 0.00 ms.
Unloading 14 Unused Serialized files (Serialized files now loaded: 0)
Unloading 7290 unused Assets / (5.7 MB). Loaded Objects now: 8401.
Memory consumption went from 397.5 MB to 391.8 MB.
Total: 8.557300 ms (FindLiveObjects: 0.751100 ms CreateObjectMapping: 0.574500 ms MarkObjects: 4.451200 ms  DeleteObjects: 2.778800 ms)

Prepare: number of updated asset objects reloaded= 0
========================================================================
Received Prepare
Begin MonoManager ReloadAssembly
- Loaded All Assemblies, in  0.617 seconds
'Packages/com.unity.render-pipelines.high-definition/Editor/Wizard/HDWizard.UIElement.cs' contains partial class of Unity.Object, exactly 1 of the partial classes needs to be in a file with the same filename. This is to know the one that can be referenced from ie. GameObjects
'Packages/com.unity.render-pipelines.high-definition/Editor/Wizard/HDWizard.Configuration.cs' contains partial class of Unity.Object, exactly 1 of the partial classes needs to be in a file with the same filename. This is to know the one that can be referenced from ie. GameObjects
'Packages/com.unity.render-pipelines.high-definition/Editor/Wizard/HDWizard.Window.cs' contains partial class of Unity.Object, exactly 1 of the partial classes needs to be in a file with the same filename. This is to know the one that can be referenced from ie. GameObjects
Refreshing native plugins compatible for Editor in 0.95 ms, found 3 plugins.
Native extension for WindowsStandalone target not found
Mono: successfully reloaded assembly
- Finished resetting the current domain, in  0.629 seconds
Domain Reload Profiling: 1248ms
	BeginReloadAssembly (156ms)
		ExecutionOrderSort (0ms)
		DisableScriptedObjects (6ms)
		BackupInstance (0ms)
		ReleaseScriptingObjects (0ms)
		CreateAndSetChildDomain (35ms)
	RebuildCommonClasses (28ms)
	RebuildNativeTypeToScriptingClass (9ms)
	initialDomainReloadingComplete (22ms)
	LoadAllAssembliesAndSetupDomain (402ms)
		LoadAssemblies (277ms)
		RebuildTransferFunctionScriptingTraits (0ms)
		AnalyzeDomain (198ms)
			TypeCache.Refresh (7ms)
				TypeCache.ScanAssembly (0ms)
			BuildScriptInfoCaches (178ms)
			ResolveRequiredComponents (9ms)
	FinalizeReload (630ms)
		ReleaseScriptCaches (0ms)
		RebuildScriptCaches (0ms)
		SetupLoadedEditorAssemblies (431ms)
			LogAssemblyErrors (0ms)
			InitializePlatformSupportModulesInManaged (2ms)
			SetLoadedEditorAssemblies (3ms)
			BeforeProcessingInitializeOnLoad (85ms)
			ProcessInitializeOnLoadAttributes (287ms)
			ProcessInitializeOnLoadMethodAttributes (50ms)
			AfterProcessingInitializeOnLoad (4ms)
			EditorAssembliesLoaded (0ms)
		ExecutionOrderSort2 (0ms)
		AwakeInstancesAfterBackupRestoration (15ms)
Refreshing native plugins compatible for Editor in 1.22 ms, found 3 plugins.
Preloading 0 native plugins for Editor in 0.00 ms.
Unloading 14 Unused Serialized files (Serialized files now loaded: 0)
Unloading 7290 unused Assets / (5.4 MB). Loaded Objects now: 8403.
Memory consumption went from 407.0 MB to 401.6 MB.
Total: 7.829300 ms (FindLiveObjects: 1.013100 ms CreateObjectMapping: 0.411400 ms MarkObjects: 3.890400 ms  DeleteObjects: 2.513200 ms)

Prepare: number of updated asset objects reloaded= 0
========================================================================
Received Prepare
Begin MonoManager ReloadAssembly
- Loaded All Assemblies, in  0.623 seconds
'Packages/com.unity.render-pipelines.high-definition/Editor/Wizard/HDWizard.UIElement.cs' contains partial class of Unity.Object, exactly 1 of the partial classes needs to be in a file with the same filename. This is to know the one that can be referenced from ie. GameObjects
'Packages/com.unity.render-pipelines.high-definition/Editor/Wizard/HDWizard.Configuration.cs' contains partial class of Unity.Object, exactly 1 of the partial classes needs to be in a file with the same filename. This is to know the one that can be referenced from ie. GameObjects
'Packages/com.unity.render-pipelines.high-definition/Editor/Wizard/HDWizard.Window.cs' contains partial class of Unity.Object, exactly 1 of the partial classes needs to be in a file with the same filename. This is to know the one that can be referenced from ie. GameObjects
Refreshing native plugins compatible for Editor in 1.00 ms, found 3 plugins.
Native extension for WindowsStandalone target not found
Mono: successfully reloaded assembly
- Finished resetting the current domain, in  0.611 seconds
Domain Reload Profiling: 1235ms
	BeginReloadAssembly (161ms)
		ExecutionOrderSort (0ms)
		DisableScriptedObjects (5ms)
		BackupInstance (0ms)
		ReleaseScriptingObjects (0ms)
		CreateAndSetChildDomain (40ms)
	RebuildCommonClasses (28ms)
	RebuildNativeTypeToScriptingClass (9ms)
	initialDomainReloadingComplete (21ms)
	LoadAllAssembliesAndSetupDomain (405ms)
		LoadAssemblies (279ms)
		RebuildTransferFunctionScriptingTraits (0ms)
		AnalyzeDomain (199ms)
			TypeCache.Refresh (8ms)
				TypeCache.ScanAssembly (0ms)
			BuildScriptInfoCaches (176ms)
			ResolveRequiredComponents (9ms)
	FinalizeReload (612ms)
		ReleaseScriptCaches (0ms)
		RebuildScriptCaches (0ms)
		SetupLoadedEditorAssemblies (416ms)
			LogAssemblyErrors (0ms)
			InitializePlatformSupportModulesInManaged (2ms)
			SetLoadedEditorAssemblies (3ms)
			BeforeProcessingInitializeOnLoad (83ms)
			ProcessInitializeOnLoadAttributes (278ms)
			ProcessInitializeOnLoadMethodAttributes (47ms)
			AfterProcessingInitializeOnLoad (4ms)
			EditorAssembliesLoaded (0ms)
		ExecutionOrderSort2 (0ms)
		AwakeInstancesAfterBackupRestoration (14ms)
Refreshing native plugins compatible for Editor in 1.87 ms, found 3 plugins.
Preloading 0 native plugins for Editor in 0.00 ms.
Unloading 14 Unused Serialized files (Serialized files now loaded: 0)
Unloading 7290 unused Assets / (5.4 MB). Loaded Objects now: 8405.
Memory consumption went from 416.5 MB to 411.1 MB.
Total: 8.666900 ms (FindLiveObjects: 0.777300 ms CreateObjectMapping: 0.770200 ms MarkObjects: 4.528700 ms  DeleteObjects: 2.589200 ms)

Prepare: number of updated asset objects reloaded= 0
========================================================================
Received Prepare
Begin MonoManager ReloadAssembly
- Loaded All Assemblies, in  0.618 seconds
'Packages/com.unity.render-pipelines.high-definition/Editor/Wizard/HDWizard.UIElement.cs' contains partial class of Unity.Object, exactly 1 of the partial classes needs to be in a file with the same filename. This is to know the one that can be referenced from ie. GameObjects
'Packages/com.unity.render-pipelines.high-definition/Editor/Wizard/HDWizard.Configuration.cs' contains partial class of Unity.Object, exactly 1 of the partial classes needs to be in a file with the same filename. This is to know the one that can be referenced from ie. GameObjects
'Packages/com.unity.render-pipelines.high-definition/Editor/Wizard/HDWizard.Window.cs' contains partial class of Unity.Object, exactly 1 of the partial classes needs to be in a file with the same filename. This is to know the one that can be referenced from ie. GameObjects
Refreshing native plugins compatible for Editor in 0.93 ms, found 3 plugins.
Native extension for WindowsStandalone target not found
Mono: successfully reloaded assembly
- Finished resetting the current domain, in  0.664 seconds
Domain Reload Profiling: 1283ms
	BeginReloadAssembly (158ms)
		ExecutionOrderSort (0ms)
		DisableScriptedObjects (5ms)
		BackupInstance (0ms)
		ReleaseScriptingObjects (0ms)
		CreateAndSetChildDomain (38ms)
	RebuildCommonClasses (29ms)
	RebuildNativeTypeToScriptingClass (10ms)
	initialDomainReloadingComplete (26ms)
	LoadAllAssembliesAndSetupDomain (396ms)
		LoadAssemblies (277ms)
		RebuildTransferFunctionScriptingTraits (0ms)
		AnalyzeDomain (192ms)
			TypeCache.Refresh (9ms)
				TypeCache.ScanAssembly (0ms)
			BuildScriptInfoCaches (169ms)
			ResolveRequiredComponents (9ms)
	FinalizeReload (664ms)
		ReleaseScriptCaches (0ms)
		RebuildScriptCaches (0ms)
		SetupLoadedEditorAssemblies (473ms)
			LogAssemblyErrors (0ms)
			InitializePlatformSupportModulesInManaged (2ms)
			SetLoadedEditorAssemblies (3ms)
			BeforeProcessingInitializeOnLoad (83ms)
			ProcessInitializeOnLoadAttributes (321ms)
			ProcessInitializeOnLoadMethodAttributes (61ms)
			AfterProcessingInitializeOnLoad (4ms)
			EditorAssembliesLoaded (0ms)
		ExecutionOrderSort2 (0ms)
		AwakeInstancesAfterBackupRestoration (11ms)
Refreshing native plugins compatible for Editor in 1.35 ms, found 3 plugins.
Preloading 0 native plugins for Editor in 0.00 ms.
Unloading 14 Unused Serialized files (Serialized files now loaded: 0)
Unloading 7290 unused Assets / (5.4 MB). Loaded Objects now: 8407.
Memory consumption went from 426.1 MB to 420.6 MB.
Total: 7.286800 ms (FindLiveObjects: 0.717700 ms CreateObjectMapping: 0.617400 ms MarkObjects: 3.770100 ms  DeleteObjects: 2.180500 ms)

Prepare: number of updated asset objects reloaded= 0
========================================================================
Received Prepare
Begin MonoManager ReloadAssembly
- Loaded All Assemblies, in  0.638 seconds
'Packages/com.unity.render-pipelines.high-definition/Editor/Wizard/HDWizard.UIElement.cs' contains partial class of Unity.Object, exactly 1 of the partial classes needs to be in a file with the same filename. This is to know the one that can be referenced from ie. GameObjects
'Packages/com.unity.render-pipelines.high-definition/Editor/Wizard/HDWizard.Configuration.cs' contains partial class of Unity.Object, exactly 1 of the partial classes needs to be in a file with the same filename. This is to know the one that can be referenced from ie. GameObjects
'Packages/com.unity.render-pipelines.high-definition/Editor/Wizard/HDWizard.Window.cs' contains partial class of Unity.Object, exactly 1 of the partial classes needs to be in a file with the same filename. This is to know the one that can be referenced from ie. GameObjects
Refreshing native plugins compatible for Editor in 1.43 ms, found 3 plugins.
Native extension for WindowsStandalone target not found
Mono: successfully reloaded assembly
- Finished resetting the current domain, in  0.597 seconds
Domain Reload Profiling: 1237ms
	BeginReloadAssembly (162ms)
		ExecutionOrderSort (0ms)
		DisableScriptedObjects (5ms)
		BackupInstance (0ms)
		ReleaseScriptingObjects (0ms)
		CreateAndSetChildDomain (38ms)
	RebuildCommonClasses (26ms)
	RebuildNativeTypeToScriptingClass (9ms)
	initialDomainReloadingComplete (21ms)
	LoadAllAssembliesAndSetupDomain (421ms)
		LoadAssemblies (279ms)
		RebuildTransferFunctionScriptingTraits (0ms)
		AnalyzeDomain (214ms)
			TypeCache.Refresh (7ms)
				TypeCache.ScanAssembly (0ms)
			BuildScriptInfoCaches (193ms)
			ResolveRequiredComponents (9ms)
	FinalizeReload (598ms)
		ReleaseScriptCaches (0ms)
		RebuildScriptCaches (0ms)
		SetupLoadedEditorAssemblies (411ms)
			LogAssemblyErrors (0ms)
			InitializePlatformSupportModulesInManaged (2ms)
			SetLoadedEditorAssemblies (3ms)
			BeforeProcessingInitializeOnLoad (84ms)
			ProcessInitializeOnLoadAttributes (272ms)
			ProcessInitializeOnLoadMethodAttributes (47ms)
			AfterProcessingInitializeOnLoad (3ms)
			EditorAssembliesLoaded (0ms)
		ExecutionOrderSort2 (0ms)
		AwakeInstancesAfterBackupRestoration (10ms)
Refreshing native plugins compatible for Editor in 2.31 ms, found 3 plugins.
Preloading 0 native plugins for Editor in 0.00 ms.
Unloading 14 Unused Serialized files (Serialized files now loaded: 0)
Unloading 7290 unused Assets / (5.3 MB). Loaded Objects now: 8409.
Memory consumption went from 435.6 MB to 430.3 MB.
Total: 8.883400 ms (FindLiveObjects: 0.709100 ms CreateObjectMapping: 0.693200 ms MarkObjects: 4.719200 ms  DeleteObjects: 2.760600 ms)

Prepare: number of updated asset objects reloaded= 0
========================================================================
Received Prepare
Begin MonoManager ReloadAssembly
- Loaded All Assemblies, in  0.658 seconds
'Packages/com.unity.render-pipelines.high-definition/Editor/Wizard/HDWizard.UIElement.cs' contains partial class of Unity.Object, exactly 1 of the partial classes needs to be in a file with the same filename. This is to know the one that can be referenced from ie. GameObjects
'Packages/com.unity.render-pipelines.high-definition/Editor/Wizard/HDWizard.Configuration.cs' contains partial class of Unity.Object, exactly 1 of the partial classes needs to be in a file with the same filename. This is to know the one that can be referenced from ie. GameObjects
'Packages/com.unity.render-pipelines.high-definition/Editor/Wizard/HDWizard.Window.cs' contains partial class of Unity.Object, exactly 1 of the partial classes needs to be in a file with the same filename. This is to know the one that can be referenced from ie. GameObjects
Refreshing native plugins compatible for Editor in 1.03 ms, found 3 plugins.
Native extension for WindowsStandalone target not found
Mono: successfully reloaded assembly
- Finished resetting the current domain, in  0.610 seconds
Domain Reload Profiling: 1269ms
	BeginReloadAssembly (166ms)
		ExecutionOrderSort (0ms)
		DisableScriptedObjects (6ms)
		BackupInstance (0ms)
		ReleaseScriptingObjects (0ms)
		CreateAndSetChildDomain (39ms)
	RebuildCommonClasses (28ms)
	RebuildNativeTypeToScriptingClass (10ms)
	initialDomainReloadingComplete (22ms)
	LoadAllAssembliesAndSetupDomain (432ms)
		LoadAssemblies (294ms)
		RebuildTransferFunctionScriptingTraits (0ms)
		AnalyzeDomain (212ms)
			TypeCache.Refresh (7ms)
				TypeCache.ScanAssembly (0ms)
			BuildScriptInfoCaches (191ms)
			ResolveRequiredComponents (9ms)
	FinalizeReload (611ms)
		ReleaseScriptCaches (0ms)
		RebuildScriptCaches (0ms)
		SetupLoadedEditorAssemblies (416ms)
			LogAssemblyErrors (0ms)
			InitializePlatformSupportModulesInManaged (2ms)
			SetLoadedEditorAssemblies (3ms)
			BeforeProcessingInitializeOnLoad (83ms)
			ProcessInitializeOnLoadAttributes (278ms)
			ProcessInitializeOnLoadMethodAttributes (44ms)
			AfterProcessingInitializeOnLoad (5ms)
			EditorAssembliesLoaded (0ms)
		ExecutionOrderSort2 (0ms)
		AwakeInstancesAfterBackupRestoration (13ms)
Refreshing native plugins compatible for Editor in 1.08 ms, found 3 plugins.
Preloading 0 native plugins for Editor in 0.00 ms.
Unloading 14 Unused Serialized files (Serialized files now loaded: 0)
Unloading 7290 unused Assets / (5.2 MB). Loaded Objects now: 8411.
Memory consumption went from 445.1 MB to 439.9 MB.
Total: 7.567400 ms (FindLiveObjects: 0.687700 ms CreateObjectMapping: 0.707500 ms MarkObjects: 3.963600 ms  DeleteObjects: 2.207000 ms)

Prepare: number of updated asset objects reloaded= 0
========================================================================
Received Prepare
Begin MonoManager ReloadAssembly
- Loaded All Assemblies, in  0.631 seconds
'Packages/com.unity.render-pipelines.high-definition/Editor/Wizard/HDWizard.UIElement.cs' contains partial class of Unity.Object, exactly 1 of the partial classes needs to be in a file with the same filename. This is to know the one that can be referenced from ie. GameObjects
'Packages/com.unity.render-pipelines.high-definition/Editor/Wizard/HDWizard.Configuration.cs' contains partial class of Unity.Object, exactly 1 of the partial classes needs to be in a file with the same filename. This is to know the one that can be referenced from ie. GameObjects
'Packages/com.unity.render-pipelines.high-definition/Editor/Wizard/HDWizard.Window.cs' contains partial class of Unity.Object, exactly 1 of the partial classes needs to be in a file with the same filename. This is to know the one that can be referenced from ie. GameObjects
Refreshing native plugins compatible for Editor in 1.09 ms, found 3 plugins.
Native extension for WindowsStandalone target not found
Mono: successfully reloaded assembly
- Finished resetting the current domain, in  0.647 seconds
Domain Reload Profiling: 1279ms
	BeginReloadAssembly (160ms)
		ExecutionOrderSort (0ms)
		DisableScriptedObjects (6ms)
		BackupInstance (0ms)
		ReleaseScriptingObjects (0ms)
		CreateAndSetChildDomain (37ms)
	RebuildCommonClasses (30ms)
	RebuildNativeTypeToScriptingClass (13ms)
	initialDomainReloadingComplete (22ms)
	LoadAllAssembliesAndSetupDomain (407ms)
		LoadAssemblies (287ms)
		RebuildTransferFunctionScriptingTraits (0ms)
		AnalyzeDomain (194ms)
			TypeCache.Refresh (9ms)
				TypeCache.ScanAssembly (0ms)
			BuildScriptInfoCaches (172ms)
			ResolveRequiredComponents (8ms)
	FinalizeReload (647ms)
		ReleaseScriptCaches (0ms)
		RebuildScriptCaches (0ms)
		SetupLoadedEditorAssemblies (434ms)
			LogAssemblyErrors (0ms)
			InitializePlatformSupportModulesInManaged (2ms)
			SetLoadedEditorAssemblies (3ms)
			BeforeProcessingInitializeOnLoad (84ms)
			ProcessInitializeOnLoadAttributes (294ms)
			ProcessInitializeOnLoadMethodAttributes (47ms)
			AfterProcessingInitializeOnLoad (4ms)
			EditorAssembliesLoaded (0ms)
		ExecutionOrderSort2 (0ms)
		AwakeInstancesAfterBackupRestoration (18ms)
Refreshing native plugins compatible for Editor in 1.40 ms, found 3 plugins.
Preloading 0 native plugins for Editor in 0.00 ms.
Unloading 14 Unused Serialized files (Serialized files now loaded: 0)
Unloading 7290 unused Assets / (5.9 MB). Loaded Objects now: 8413.
Memory consumption went from 454.6 MB to 448.7 MB.
Total: 7.745100 ms (FindLiveObjects: 0.624100 ms CreateObjectMapping: 0.592300 ms MarkObjects: 3.699300 ms  DeleteObjects: 2.828300 ms)

Prepare: number of updated asset objects reloaded= 0
========================================================================
Received Prepare
Begin MonoManager ReloadAssembly
- Loaded All Assemblies, in  0.626 seconds
'Packages/com.unity.render-pipelines.high-definition/Editor/Wizard/HDWizard.UIElement.cs' contains partial class of Unity.Object, exactly 1 of the partial classes needs to be in a file with the same filename. This is to know the one that can be referenced from ie. GameObjects
'Packages/com.unity.render-pipelines.high-definition/Editor/Wizard/HDWizard.Configuration.cs' contains partial class of Unity.Object, exactly 1 of the partial classes needs to be in a file with the same filename. This is to know the one that can be referenced from ie. GameObjects
'Packages/com.unity.render-pipelines.high-definition/Editor/Wizard/HDWizard.Window.cs' contains partial class of Unity.Object, exactly 1 of the partial classes needs to be in a file with the same filename. This is to know the one that can be referenced from ie. GameObjects
Refreshing native plugins compatible for Editor in 1.03 ms, found 3 plugins.
Native extension for WindowsStandalone target not found
Mono: successfully reloaded assembly
- Finished resetting the current domain, in  0.629 seconds
Domain Reload Profiling: 1256ms
	BeginReloadAssembly (164ms)
		ExecutionOrderSort (0ms)
		DisableScriptedObjects (6ms)
		BackupInstance (0ms)
		ReleaseScriptingObjects (0ms)
		CreateAndSetChildDomain (42ms)
	RebuildCommonClasses (27ms)
	RebuildNativeTypeToScriptingClass (9ms)
	initialDomainReloadingComplete (21ms)
	LoadAllAssembliesAndSetupDomain (406ms)
		LoadAssemblies (276ms)
		RebuildTransferFunctionScriptingTraits (0ms)
		AnalyzeDomain (201ms)
			TypeCache.Refresh (8ms)
				TypeCache.ScanAssembly (0ms)
			BuildScriptInfoCaches (179ms)
			ResolveRequiredComponents (9ms)
	FinalizeReload (629ms)
		ReleaseScriptCaches (0ms)
		RebuildScriptCaches (0ms)
		SetupLoadedEditorAssemblies (427ms)
			LogAssemblyErrors (0ms)
			InitializePlatformSupportModulesInManaged (2ms)
			SetLoadedEditorAssemblies (3ms)
			BeforeProcessingInitializeOnLoad (83ms)
			ProcessInitializeOnLoadAttributes (287ms)
			ProcessInitializeOnLoadMethodAttributes (48ms)
			AfterProcessingInitializeOnLoad (4ms)
			EditorAssembliesLoaded (0ms)
		ExecutionOrderSort2 (0ms)
		AwakeInstancesAfterBackupRestoration (16ms)
Refreshing native plugins compatible for Editor in 1.09 ms, found 3 plugins.
Preloading 0 native plugins for Editor in 0.00 ms.
Unloading 14 Unused Serialized files (Serialized files now loaded: 0)
Unloading 7290 unused Assets / (5.5 MB). Loaded Objects now: 8415.
Memory consumption went from 464.1 MB to 458.7 MB.
Total: 7.975400 ms (FindLiveObjects: 0.611300 ms CreateObjectMapping: 0.554900 ms MarkObjects: 4.306000 ms  DeleteObjects: 2.502100 ms)

Prepare: number of updated asset objects reloaded= 0
========================================================================
Received Prepare
Begin MonoManager ReloadAssembly
- Loaded All Assemblies, in  0.645 seconds
'Packages/com.unity.render-pipelines.high-definition/Editor/Wizard/HDWizard.UIElement.cs' contains partial class of Unity.Object, exactly 1 of the partial classes needs to be in a file with the same filename. This is to know the one that can be referenced from ie. GameObjects
'Packages/com.unity.render-pipelines.high-definition/Editor/Wizard/HDWizard.Configuration.cs' contains partial class of Unity.Object, exactly 1 of the partial classes needs to be in a file with the same filename. This is to know the one that can be referenced from ie. GameObjects
'Packages/com.unity.render-pipelines.high-definition/Editor/Wizard/HDWizard.Window.cs' contains partial class of Unity.Object, exactly 1 of the partial classes needs to be in a file with the same filename. This is to know the one that can be referenced from ie. GameObjects
Refreshing native plugins compatible for Editor in 1.06 ms, found 3 plugins.
Native extension for WindowsStandalone target not found
Mono: successfully reloaded assembly
- Finished resetting the current domain, in  0.703 seconds
Domain Reload Profiling: 1349ms
	BeginReloadAssembly (162ms)
		ExecutionOrderSort (0ms)
		DisableScriptedObjects (6ms)
		BackupInstance (0ms)
		ReleaseScriptingObjects (0ms)
		CreateAndSetChildDomain (39ms)
	RebuildCommonClasses (27ms)
	RebuildNativeTypeToScriptingClass (9ms)
	initialDomainReloadingComplete (22ms)
	LoadAllAssembliesAndSetupDomain (426ms)
		LoadAssemblies (287ms)
		RebuildTransferFunctionScriptingTraits (0ms)
		AnalyzeDomain (210ms)
			TypeCache.Refresh (10ms)
				TypeCache.ScanAssembly (0ms)
			BuildScriptInfoCaches (185ms)
			ResolveRequiredComponents (10ms)
	FinalizeReload (704ms)
		ReleaseScriptCaches (0ms)
		RebuildScriptCaches (0ms)
		SetupLoadedEditorAssemblies (495ms)
			LogAssemblyErrors (0ms)
			InitializePlatformSupportModulesInManaged (2ms)
			SetLoadedEditorAssemblies (3ms)
			BeforeProcessingInitializeOnLoad (87ms)
			ProcessInitializeOnLoadAttributes (323ms)
			ProcessInitializeOnLoadMethodAttributes (72ms)
			AfterProcessingInitializeOnLoad (8ms)
			EditorAssembliesLoaded (0ms)
		ExecutionOrderSort2 (0ms)
		AwakeInstancesAfterBackupRestoration (15ms)
Refreshing native plugins compatible for Editor in 1.07 ms, found 3 plugins.
Preloading 0 native plugins for Editor in 0.00 ms.
Unloading 14 Unused Serialized files (Serialized files now loaded: 0)
Unloading 7290 unused Assets / (5.4 MB). Loaded Objects now: 8417.
Memory consumption went from 473.7 MB to 468.2 MB.
Total: 7.054300 ms (FindLiveObjects: 0.609900 ms CreateObjectMapping: 0.568800 ms MarkObjects: 3.863500 ms  DeleteObjects: 2.011100 ms)

Prepare: number of updated asset objects reloaded= 0
========================================================================
Received Prepare
Begin MonoManager ReloadAssembly
- Loaded All Assemblies, in  0.619 seconds
'Packages/com.unity.render-pipelines.high-definition/Editor/Wizard/HDWizard.UIElement.cs' contains partial class of Unity.Object, exactly 1 of the partial classes needs to be in a file with the same filename. This is to know the one that can be referenced from ie. GameObjects
'Packages/com.unity.render-pipelines.high-definition/Editor/Wizard/HDWizard.Configuration.cs' contains partial class of Unity.Object, exactly 1 of the partial classes needs to be in a file with the same filename. This is to know the one that can be referenced from ie. GameObjects
'Packages/com.unity.render-pipelines.high-definition/Editor/Wizard/HDWizard.Window.cs' contains partial class of Unity.Object, exactly 1 of the partial classes needs to be in a file with the same filename. This is to know the one that can be referenced from ie. GameObjects
Refreshing native plugins compatible for Editor in 0.97 ms, found 3 plugins.
Native extension for WindowsStandalone target not found
Mono: successfully reloaded assembly
- Finished resetting the current domain, in  0.614 seconds
Domain Reload Profiling: 1234ms
	BeginReloadAssembly (159ms)
		ExecutionOrderSort (0ms)
		DisableScriptedObjects (5ms)
		BackupInstance (0ms)
		ReleaseScriptingObjects (0ms)
		CreateAndSetChildDomain (38ms)
	RebuildCommonClasses (27ms)
	RebuildNativeTypeToScriptingClass (9ms)
	initialDomainReloadingComplete (22ms)
	LoadAllAssembliesAndSetupDomain (402ms)
		LoadAssemblies (277ms)
		RebuildTransferFunctionScriptingTraits (0ms)
		AnalyzeDomain (198ms)
			TypeCache.Refresh (8ms)
				TypeCache.ScanAssembly (0ms)
			BuildScriptInfoCaches (176ms)
			ResolveRequiredComponents (9ms)
	FinalizeReload (614ms)
		ReleaseScriptCaches (0ms)
		RebuildScriptCaches (0ms)
		SetupLoadedEditorAssemblies (422ms)
			LogAssemblyErrors (0ms)
			InitializePlatformSupportModulesInManaged (2ms)
			SetLoadedEditorAssemblies (3ms)
			BeforeProcessingInitializeOnLoad (89ms)
			ProcessInitializeOnLoadAttributes (274ms)
			ProcessInitializeOnLoadMethodAttributes (49ms)
			AfterProcessingInitializeOnLoad (4ms)
			EditorAssembliesLoaded (0ms)
		ExecutionOrderSort2 (0ms)
		AwakeInstancesAfterBackupRestoration (12ms)
Refreshing native plugins compatible for Editor in 1.12 ms, found 3 plugins.
Preloading 0 native plugins for Editor in 0.00 ms.
Unloading 14 Unused Serialized files (Serialized files now loaded: 0)
Unloading 7290 unused Assets / (5.6 MB). Loaded Objects now: 8419.
Memory consumption went from 483.2 MB to 477.6 MB.
Total: 7.629100 ms (FindLiveObjects: 0.596700 ms CreateObjectMapping: 0.586000 ms MarkObjects: 4.066200 ms  DeleteObjects: 2.377600 ms)

Prepare: number of updated asset objects reloaded= 0
========================================================================
Received Prepare
Begin MonoManager ReloadAssembly
- Loaded All Assemblies, in  0.641 seconds
'Packages/com.unity.render-pipelines.high-definition/Editor/Wizard/HDWizard.UIElement.cs' contains partial class of Unity.Object, exactly 1 of the partial classes needs to be in a file with the same filename. This is to know the one that can be referenced from ie. GameObjects
'Packages/com.unity.render-pipelines.high-definition/Editor/Wizard/HDWizard.Configuration.cs' contains partial class of Unity.Object, exactly 1 of the partial classes needs to be in a file with the same filename. This is to know the one that can be referenced from ie. GameObjects
'Packages/com.unity.render-pipelines.high-definition/Editor/Wizard/HDWizard.Window.cs' contains partial class of Unity.Object, exactly 1 of the partial classes needs to be in a file with the same filename. This is to know the one that can be referenced from ie. GameObjects
Refreshing native plugins compatible for Editor in 1.01 ms, found 3 plugins.
Native extension for WindowsStandalone target not found
Mono: successfully reloaded assembly
- Finished resetting the current domain, in  0.630 seconds
Domain Reload Profiling: 1273ms
	BeginReloadAssembly (170ms)
		ExecutionOrderSort (0ms)
		DisableScriptedObjects (6ms)
		BackupInstance (0ms)
		ReleaseScriptingObjects (0ms)
		CreateAndSetChildDomain (43ms)
	RebuildCommonClasses (28ms)
	RebuildNativeTypeToScriptingClass (9ms)
	initialDomainReloadingComplete (22ms)
	LoadAllAssembliesAndSetupDomain (413ms)
		LoadAssemblies (288ms)
		RebuildTransferFunctionScriptingTraits (0ms)
		AnalyzeDomain (202ms)
			TypeCache.Refresh (7ms)
				TypeCache.ScanAssembly (0ms)
			BuildScriptInfoCaches (181ms)
			ResolveRequiredComponents (9ms)
	FinalizeReload (631ms)
		ReleaseScriptCaches (0ms)
		RebuildScriptCaches (0ms)
		SetupLoadedEditorAssemblies (435ms)
			LogAssemblyErrors (0ms)
			InitializePlatformSupportModulesInManaged (2ms)
			SetLoadedEditorAssemblies (3ms)
			BeforeProcessingInitializeOnLoad (87ms)
			ProcessInitializeOnLoadAttributes (289ms)
			ProcessInitializeOnLoadMethodAttributes (49ms)
			AfterProcessingInitializeOnLoad (5ms)
			EditorAssembliesLoaded (0ms)
		ExecutionOrderSort2 (0ms)
		AwakeInstancesAfterBackupRestoration (14ms)
Refreshing native plugins compatible for Editor in 1.29 ms, found 3 plugins.
Preloading 0 native plugins for Editor in 0.00 ms.
Unloading 14 Unused Serialized files (Serialized files now loaded: 0)
Unloading 7290 unused Assets / (5.7 MB). Loaded Objects now: 8421.
Memory consumption went from 492.7 MB to 487.0 MB.
Total: 8.329000 ms (FindLiveObjects: 0.942200 ms CreateObjectMapping: 0.610900 ms MarkObjects: 3.976000 ms  DeleteObjects: 2.798600 ms)

Prepare: number of updated asset objects reloaded= 0
========================================================================
Received Prepare
Begin MonoManager ReloadAssembly
- Loaded All Assemblies, in  0.642 seconds
'Packages/com.unity.render-pipelines.high-definition/Editor/Wizard/HDWizard.UIElement.cs' contains partial class of Unity.Object, exactly 1 of the partial classes needs to be in a file with the same filename. This is to know the one that can be referenced from ie. GameObjects
'Packages/com.unity.render-pipelines.high-definition/Editor/Wizard/HDWizard.Configuration.cs' contains partial class of Unity.Object, exactly 1 of the partial classes needs to be in a file with the same filename. This is to know the one that can be referenced from ie. GameObjects
'Packages/com.unity.render-pipelines.high-definition/Editor/Wizard/HDWizard.Window.cs' contains partial class of Unity.Object, exactly 1 of the partial classes needs to be in a file with the same filename. This is to know the one that can be referenced from ie. GameObjects
Refreshing native plugins compatible for Editor in 1.10 ms, found 3 plugins.
Native extension for WindowsStandalone target not found
Mono: successfully reloaded assembly
- Finished resetting the current domain, in  0.646 seconds
Domain Reload Profiling: 1289ms
	BeginReloadAssembly (160ms)
		ExecutionOrderSort (0ms)
		DisableScriptedObjects (5ms)
		BackupInstance (0ms)
		ReleaseScriptingObjects (0ms)
		CreateAndSetChildDomain (39ms)
	RebuildCommonClasses (29ms)
	RebuildNativeTypeToScriptingClass (10ms)
	initialDomainReloadingComplete (24ms)
	LoadAllAssembliesAndSetupDomain (420ms)
		LoadAssemblies (280ms)
		RebuildTransferFunctionScriptingTraits (0ms)
		AnalyzeDomain (210ms)
			TypeCache.Refresh (9ms)
				TypeCache.ScanAssembly (0ms)
			BuildScriptInfoCaches (187ms)
			ResolveRequiredComponents (9ms)
	FinalizeReload (646ms)
		ReleaseScriptCaches (0ms)
		RebuildScriptCaches (0ms)
		SetupLoadedEditorAssemblies (441ms)
			LogAssemblyErrors (0ms)
			InitializePlatformSupportModulesInManaged (2ms)
			SetLoadedEditorAssemblies (3ms)
			BeforeProcessingInitializeOnLoad (86ms)
			ProcessInitializeOnLoadAttributes (297ms)
			ProcessInitializeOnLoadMethodAttributes (49ms)
			AfterProcessingInitializeOnLoad (4ms)
			EditorAssembliesLoaded (0ms)
		ExecutionOrderSort2 (0ms)
		AwakeInstancesAfterBackupRestoration (11ms)
Refreshing native plugins compatible for Editor in 1.05 ms, found 3 plugins.
Preloading 0 native plugins for Editor in 0.00 ms.
Unloading 14 Unused Serialized files (Serialized files now loaded: 0)
Unloading 7290 unused Assets / (5.4 MB). Loaded Objects now: 8423.
Memory consumption went from 502.2 MB to 496.8 MB.
Total: 6.970800 ms (FindLiveObjects: 0.785400 ms CreateObjectMapping: 0.542500 ms MarkObjects: 3.561200 ms  DeleteObjects: 2.080300 ms)

Prepare: number of updated asset objects reloaded= 0
========================================================================
Received Prepare
Begin MonoManager ReloadAssembly
- Loaded All Assemblies, in  0.615 seconds
'Packages/com.unity.render-pipelines.high-definition/Editor/Wizard/HDWizard.UIElement.cs' contains partial class of Unity.Object, exactly 1 of the partial classes needs to be in a file with the same filename. This is to know the one that can be referenced from ie. GameObjects
'Packages/com.unity.render-pipelines.high-definition/Editor/Wizard/HDWizard.Configuration.cs' contains partial class of Unity.Object, exactly 1 of the partial classes needs to be in a file with the same filename. This is to know the one that can be referenced from ie. GameObjects
'Packages/com.unity.render-pipelines.high-definition/Editor/Wizard/HDWizard.Window.cs' contains partial class of Unity.Object, exactly 1 of the partial classes needs to be in a file with the same filename. This is to know the one that can be referenced from ie. GameObjects
Refreshing native plugins compatible for Editor in 0.95 ms, found 3 plugins.
Native extension for WindowsStandalone target not found
Mono: successfully reloaded assembly
- Finished resetting the current domain, in  0.613 seconds
Domain Reload Profiling: 1229ms
	BeginReloadAssembly (158ms)
		ExecutionOrderSort (0ms)
		DisableScriptedObjects (5ms)
		BackupInstance (0ms)
		ReleaseScriptingObjects (0ms)
		CreateAndSetChildDomain (37ms)
	RebuildCommonClasses (27ms)
	RebuildNativeTypeToScriptingClass (9ms)
	initialDomainReloadingComplete (21ms)
	LoadAllAssembliesAndSetupDomain (402ms)
		LoadAssemblies (278ms)
		RebuildTransferFunctionScriptingTraits (0ms)
		AnalyzeDomain (196ms)
			TypeCache.Refresh (7ms)
				TypeCache.ScanAssembly (0ms)
			BuildScriptInfoCaches (175ms)
			ResolveRequiredComponents (9ms)
	FinalizeReload (613ms)
		ReleaseScriptCaches (0ms)
		RebuildScriptCaches (0ms)
		SetupLoadedEditorAssemblies (419ms)
			LogAssemblyErrors (0ms)
			InitializePlatformSupportModulesInManaged (2ms)
			SetLoadedEditorAssemblies (3ms)
			BeforeProcessingInitializeOnLoad (83ms)
			ProcessInitializeOnLoadAttributes (279ms)
			ProcessInitializeOnLoadMethodAttributes (47ms)
			AfterProcessingInitializeOnLoad (4ms)
			EditorAssembliesLoaded (0ms)
		ExecutionOrderSort2 (0ms)
		AwakeInstancesAfterBackupRestoration (14ms)
Refreshing native plugins compatible for Editor in 1.32 ms, found 3 plugins.
Preloading 0 native plugins for Editor in 0.00 ms.
Unloading 14 Unused Serialized files (Serialized files now loaded: 0)
Unloading 7290 unused Assets / (5.8 MB). Loaded Objects now: 8425.
Memory consumption went from 511.8 MB to 506.0 MB.
Total: 8.531700 ms (FindLiveObjects: 0.678400 ms CreateObjectMapping: 0.634000 ms MarkObjects: 4.245100 ms  DeleteObjects: 2.973000 ms)

Prepare: number of updated asset objects reloaded= 0
========================================================================
Received Prepare
Begin MonoManager ReloadAssembly
- Loaded All Assemblies, in  0.618 seconds
'Packages/com.unity.render-pipelines.high-definition/Editor/Wizard/HDWizard.UIElement.cs' contains partial class of Unity.Object, exactly 1 of the partial classes needs to be in a file with the same filename. This is to know the one that can be referenced from ie. GameObjects
'Packages/com.unity.render-pipelines.high-definition/Editor/Wizard/HDWizard.Configuration.cs' contains partial class of Unity.Object, exactly 1 of the partial classes needs to be in a file with the same filename. This is to know the one that can be referenced from ie. GameObjects
'Packages/com.unity.render-pipelines.high-definition/Editor/Wizard/HDWizard.Window.cs' contains partial class of Unity.Object, exactly 1 of the partial classes needs to be in a file with the same filename. This is to know the one that can be referenced from ie. GameObjects
Refreshing native plugins compatible for Editor in 1.05 ms, found 3 plugins.
Native extension for WindowsStandalone target not found
Mono: successfully reloaded assembly
- Finished resetting the current domain, in  0.613 seconds
Domain Reload Profiling: 1233ms
	BeginReloadAssembly (166ms)
		ExecutionOrderSort (0ms)
		DisableScriptedObjects (5ms)
		BackupInstance (0ms)
		ReleaseScriptingObjects (0ms)
		CreateAndSetChildDomain (42ms)
	RebuildCommonClasses (27ms)
	RebuildNativeTypeToScriptingClass (9ms)
	initialDomainReloadingComplete (21ms)
	LoadAllAssembliesAndSetupDomain (396ms)
		LoadAssemblies (273ms)
		RebuildTransferFunctionScriptingTraits (0ms)
		AnalyzeDomain (196ms)
			TypeCache.Refresh (6ms)
				TypeCache.ScanAssembly (0ms)
			BuildScriptInfoCaches (176ms)
			ResolveRequiredComponents (9ms)
	FinalizeReload (613ms)
		ReleaseScriptCaches (0ms)
		RebuildScriptCaches (0ms)
		SetupLoadedEditorAssemblies (420ms)
			LogAssemblyErrors (0ms)
			InitializePlatformSupportModulesInManaged (2ms)
			SetLoadedEditorAssemblies (3ms)
			BeforeProcessingInitializeOnLoad (85ms)
			ProcessInitializeOnLoadAttributes (280ms)
			ProcessInitializeOnLoadMethodAttributes (45ms)
			AfterProcessingInitializeOnLoad (4ms)
			EditorAssembliesLoaded (0ms)
		ExecutionOrderSort2 (0ms)
		AwakeInstancesAfterBackupRestoration (14ms)
Refreshing native plugins compatible for Editor in 2.04 ms, found 3 plugins.
Preloading 0 native plugins for Editor in 0.00 ms.
Unloading 14 Unused Serialized files (Serialized files now loaded: 0)
Unloading 7290 unused Assets / (5.5 MB). Loaded Objects now: 8427.
Memory consumption went from 0.51 GB to 0.50 GB.
Total: 8.526300 ms (FindLiveObjects: 0.715400 ms CreateObjectMapping: 0.633800 ms MarkObjects: 4.326200 ms  DeleteObjects: 2.848100 ms)

Prepare: number of updated asset objects reloaded= 0
========================================================================
Received Prepare
Begin MonoManager ReloadAssembly
- Loaded All Assemblies, in  0.615 seconds
'Packages/com.unity.render-pipelines.high-definition/Editor/Wizard/HDWizard.UIElement.cs' contains partial class of Unity.Object, exactly 1 of the partial classes needs to be in a file with the same filename. This is to know the one that can be referenced from ie. GameObjects
'Packages/com.unity.render-pipelines.high-definition/Editor/Wizard/HDWizard.Configuration.cs' contains partial class of Unity.Object, exactly 1 of the partial classes needs to be in a file with the same filename. This is to know the one that can be referenced from ie. GameObjects
'Packages/com.unity.render-pipelines.high-definition/Editor/Wizard/HDWizard.Window.cs' contains partial class of Unity.Object, exactly 1 of the partial classes needs to be in a file with the same filename. This is to know the one that can be referenced from ie. GameObjects
Refreshing native plugins compatible for Editor in 1.02 ms, found 3 plugins.
Native extension for WindowsStandalone target not found
Mono: successfully reloaded assembly
- Finished resetting the current domain, in  0.608 seconds
Domain Reload Profiling: 1225ms
	BeginReloadAssembly (160ms)
		ExecutionOrderSort (0ms)
		DisableScriptedObjects (5ms)
		BackupInstance (0ms)
		ReleaseScriptingObjects (0ms)
		CreateAndSetChildDomain (38ms)
	RebuildCommonClasses (27ms)
	RebuildNativeTypeToScriptingClass (9ms)
	initialDomainReloadingComplete (22ms)
	LoadAllAssembliesAndSetupDomain (398ms)
		LoadAssemblies (274ms)
		RebuildTransferFunctionScriptingTraits (0ms)
		AnalyzeDomain (196ms)
			TypeCache.Refresh (7ms)
				TypeCache.ScanAssembly (0ms)
			BuildScriptInfoCaches (173ms)
			ResolveRequiredComponents (11ms)
	FinalizeReload (608ms)
		ReleaseScriptCaches (0ms)
		RebuildScriptCaches (0ms)
		SetupLoadedEditorAssemblies (419ms)
			LogAssemblyErrors (0ms)
			InitializePlatformSupportModulesInManaged (2ms)
			SetLoadedEditorAssemblies (3ms)
			BeforeProcessingInitializeOnLoad (85ms)
			ProcessInitializeOnLoadAttributes (284ms)
			ProcessInitializeOnLoadMethodAttributes (42ms)
			AfterProcessingInitializeOnLoad (3ms)
			EditorAssembliesLoaded (0ms)
		ExecutionOrderSort2 (0ms)
		AwakeInstancesAfterBackupRestoration (11ms)
Refreshing native plugins compatible for Editor in 1.54 ms, found 3 plugins.
Preloading 0 native plugins for Editor in 0.00 ms.
Unloading 14 Unused Serialized files (Serialized files now loaded: 0)
Unloading 7290 unused Assets / (5.6 MB). Loaded Objects now: 8429.
Memory consumption went from 0.52 GB to 0.51 GB.
Total: 8.356500 ms (FindLiveObjects: 0.677300 ms CreateObjectMapping: 0.652100 ms MarkObjects: 4.265200 ms  DeleteObjects: 2.760200 ms)

Prepare: number of updated asset objects reloaded= 0
========================================================================
Received Prepare
Begin MonoManager ReloadAssembly
- Loaded All Assemblies, in  0.618 seconds
'Packages/com.unity.render-pipelines.high-definition/Editor/Wizard/HDWizard.UIElement.cs' contains partial class of Unity.Object, exactly 1 of the partial classes needs to be in a file with the same filename. This is to know the one that can be referenced from ie. GameObjects
'Packages/com.unity.render-pipelines.high-definition/Editor/Wizard/HDWizard.Configuration.cs' contains partial class of Unity.Object, exactly 1 of the partial classes needs to be in a file with the same filename. This is to know the one that can be referenced from ie. GameObjects
'Packages/com.unity.render-pipelines.high-definition/Editor/Wizard/HDWizard.Window.cs' contains partial class of Unity.Object, exactly 1 of the partial classes needs to be in a file with the same filename. This is to know the one that can be referenced from ie. GameObjects
Refreshing native plugins compatible for Editor in 1.04 ms, found 3 plugins.
Native extension for WindowsStandalone target not found
Mono: successfully reloaded assembly
- Finished resetting the current domain, in  0.633 seconds
Domain Reload Profiling: 1253ms
	BeginReloadAssembly (161ms)
		ExecutionOrderSort (0ms)
		DisableScriptedObjects (5ms)
		BackupInstance (0ms)
		ReleaseScriptingObjects (0ms)
		CreateAndSetChildDomain (38ms)
	RebuildCommonClasses (27ms)
	RebuildNativeTypeToScriptingClass (9ms)
	initialDomainReloadingComplete (22ms)
	LoadAllAssembliesAndSetupDomain (399ms)
		LoadAssemblies (280ms)
		RebuildTransferFunctionScriptingTraits (0ms)
		AnalyzeDomain (194ms)
			TypeCache.Refresh (7ms)
				TypeCache.ScanAssembly (0ms)
			BuildScriptInfoCaches (174ms)
			ResolveRequiredComponents (8ms)
	FinalizeReload (633ms)
		ReleaseScriptCaches (0ms)
		RebuildScriptCaches (0ms)
		SetupLoadedEditorAssemblies (434ms)
			LogAssemblyErrors (0ms)
			InitializePlatformSupportModulesInManaged (2ms)
			SetLoadedEditorAssemblies (3ms)
			BeforeProcessingInitializeOnLoad (84ms)
			ProcessInitializeOnLoadAttributes (288ms)
			ProcessInitializeOnLoadMethodAttributes (53ms)
			AfterProcessingInitializeOnLoad (5ms)
			EditorAssembliesLoaded (0ms)
		ExecutionOrderSort2 (0ms)
		AwakeInstancesAfterBackupRestoration (15ms)
Refreshing native plugins compatible for Editor in 1.28 ms, found 3 plugins.
Preloading 0 native plugins for Editor in 0.00 ms.
Unloading 14 Unused Serialized files (Serialized files now loaded: 0)
Unloading 7290 unused Assets / (5.6 MB). Loaded Objects now: 8431.
Memory consumption went from 0.53 GB to 0.52 GB.
Total: 9.065200 ms (FindLiveObjects: 1.056800 ms CreateObjectMapping: 0.616400 ms MarkObjects: 4.361600 ms  DeleteObjects: 3.029400 ms)

Prepare: number of updated asset objects reloaded= 0
========================================================================
Received Prepare
Begin MonoManager ReloadAssembly
- Loaded All Assemblies, in  0.641 seconds
'Packages/com.unity.render-pipelines.high-definition/Editor/Wizard/HDWizard.UIElement.cs' contains partial class of Unity.Object, exactly 1 of the partial classes needs to be in a file with the same filename. This is to know the one that can be referenced from ie. GameObjects
'Packages/com.unity.render-pipelines.high-definition/Editor/Wizard/HDWizard.Configuration.cs' contains partial class of Unity.Object, exactly 1 of the partial classes needs to be in a file with the same filename. This is to know the one that can be referenced from ie. GameObjects
'Packages/com.unity.render-pipelines.high-definition/Editor/Wizard/HDWizard.Window.cs' contains partial class of Unity.Object, exactly 1 of the partial classes needs to be in a file with the same filename. This is to know the one that can be referenced from ie. GameObjects
Refreshing native plugins compatible for Editor in 0.95 ms, found 3 plugins.
Native extension for WindowsStandalone target not found
Mono: successfully reloaded assembly
- Finished resetting the current domain, in  0.626 seconds
Domain Reload Profiling: 1269ms
	BeginReloadAssembly (163ms)
		ExecutionOrderSort (0ms)
		DisableScriptedObjects (6ms)
		BackupInstance (0ms)
		ReleaseScriptingObjects (0ms)
		CreateAndSetChildDomain (39ms)
	RebuildCommonClasses (27ms)
	RebuildNativeTypeToScriptingClass (9ms)
	initialDomainReloadingComplete (22ms)
	LoadAllAssembliesAndSetupDomain (422ms)
		LoadAssemblies (296ms)
		RebuildTransferFunctionScriptingTraits (0ms)
		AnalyzeDomain (199ms)
			TypeCache.Refresh (7ms)
				TypeCache.ScanAssembly (0ms)
			BuildScriptInfoCaches (178ms)
			ResolveRequiredComponents (9ms)
	FinalizeReload (626ms)
		ReleaseScriptCaches (0ms)
		RebuildScriptCaches (0ms)
		SetupLoadedEditorAssemblies (432ms)
			LogAssemblyErrors (0ms)
			InitializePlatformSupportModulesInManaged (2ms)
			SetLoadedEditorAssemblies (3ms)
			BeforeProcessingInitializeOnLoad (87ms)
			ProcessInitializeOnLoadAttributes (289ms)
			ProcessInitializeOnLoadMethodAttributes (47ms)
			AfterProcessingInitializeOnLoad (4ms)
			EditorAssembliesLoaded (0ms)
		ExecutionOrderSort2 (0ms)
		AwakeInstancesAfterBackupRestoration (13ms)
Refreshing native plugins compatible for Editor in 1.44 ms, found 3 plugins.
Preloading 0 native plugins for Editor in 0.00 ms.
Unloading 14 Unused Serialized files (Serialized files now loaded: 0)
Unloading 7290 unused Assets / (5.5 MB). Loaded Objects now: 8433.
Memory consumption went from 0.54 GB to 0.53 GB.
Total: 8.957600 ms (FindLiveObjects: 0.707700 ms CreateObjectMapping: 0.779400 ms MarkObjects: 4.621300 ms  DeleteObjects: 2.847600 ms)

Prepare: number of updated asset objects reloaded= 0
========================================================================
Received Prepare
Begin MonoManager ReloadAssembly
- Loaded All Assemblies, in  0.637 seconds
'Packages/com.unity.render-pipelines.high-definition/Editor/Wizard/HDWizard.UIElement.cs' contains partial class of Unity.Object, exactly 1 of the partial classes needs to be in a file with the same filename. This is to know the one that can be referenced from ie. GameObjects
'Packages/com.unity.render-pipelines.high-definition/Editor/Wizard/HDWizard.Configuration.cs' contains partial class of Unity.Object, exactly 1 of the partial classes needs to be in a file with the same filename. This is to know the one that can be referenced from ie. GameObjects
'Packages/com.unity.render-pipelines.high-definition/Editor/Wizard/HDWizard.Window.cs' contains partial class of Unity.Object, exactly 1 of the partial classes needs to be in a file with the same filename. This is to know the one that can be referenced from ie. GameObjects
Refreshing native plugins compatible for Editor in 1.00 ms, found 3 plugins.
Native extension for WindowsStandalone target not found
Mono: successfully reloaded assembly
- Finished resetting the current domain, in  0.602 seconds
Domain Reload Profiling: 1241ms
	BeginReloadAssembly (157ms)
		ExecutionOrderSort (0ms)
		DisableScriptedObjects (6ms)
		BackupInstance (0ms)
		ReleaseScriptingObjects (0ms)
		CreateAndSetChildDomain (37ms)
	RebuildCommonClasses (29ms)
	RebuildNativeTypeToScriptingClass (10ms)
	initialDomainReloadingComplete (21ms)
	LoadAllAssembliesAndSetupDomain (420ms)
		LoadAssemblies (281ms)
		RebuildTransferFunctionScriptingTraits (0ms)
		AnalyzeDomain (210ms)
			TypeCache.Refresh (7ms)
				TypeCache.ScanAssembly (0ms)
			BuildScriptInfoCaches (187ms)
			ResolveRequiredComponents (10ms)
	FinalizeReload (603ms)
		ReleaseScriptCaches (0ms)
		RebuildScriptCaches (0ms)
		SetupLoadedEditorAssemblies (412ms)
			LogAssemblyErrors (0ms)
			InitializePlatformSupportModulesInManaged (2ms)
			SetLoadedEditorAssemblies (3ms)
			BeforeProcessingInitializeOnLoad (81ms)
			ProcessInitializeOnLoadAttributes (278ms)
			ProcessInitializeOnLoadMethodAttributes (44ms)
			AfterProcessingInitializeOnLoad (3ms)
			EditorAssembliesLoaded (0ms)
		ExecutionOrderSort2 (0ms)
		AwakeInstancesAfterBackupRestoration (12ms)
Refreshing native plugins compatible for Editor in 1.28 ms, found 3 plugins.
Preloading 0 native plugins for Editor in 0.00 ms.
Unloading 14 Unused Serialized files (Serialized files now loaded: 0)
Unloading 7290 unused Assets / (5.8 MB). Loaded Objects now: 8435.
Memory consumption went from 0.55 GB to 0.54 GB.
Total: 8.962100 ms (FindLiveObjects: 0.853700 ms CreateObjectMapping: 0.892400 ms MarkObjects: 4.444800 ms  DeleteObjects: 2.769400 ms)

Prepare: number of updated asset objects reloaded= 0
========================================================================
Received Prepare
Begin MonoManager ReloadAssembly
- Loaded All Assemblies, in  0.642 seconds
'Packages/com.unity.render-pipelines.high-definition/Editor/Wizard/HDWizard.UIElement.cs' contains partial class of Unity.Object, exactly 1 of the partial classes needs to be in a file with the same filename. This is to know the one that can be referenced from ie. GameObjects
'Packages/com.unity.render-pipelines.high-definition/Editor/Wizard/HDWizard.Configuration.cs' contains partial class of Unity.Object, exactly 1 of the partial classes needs to be in a file with the same filename. This is to know the one that can be referenced from ie. GameObjects
'Packages/com.unity.render-pipelines.high-definition/Editor/Wizard/HDWizard.Window.cs' contains partial class of Unity.Object, exactly 1 of the partial classes needs to be in a file with the same filename. This is to know the one that can be referenced from ie. GameObjects
Refreshing native plugins compatible for Editor in 1.09 ms, found 3 plugins.
Native extension for WindowsStandalone target not found
Mono: successfully reloaded assembly
- Finished resetting the current domain, in  0.642 seconds
Domain Reload Profiling: 1286ms
	BeginReloadAssembly (167ms)
		ExecutionOrderSort (0ms)
		DisableScriptedObjects (5ms)
		BackupInstance (0ms)
		ReleaseScriptingObjects (0ms)
		CreateAndSetChildDomain (42ms)
	RebuildCommonClasses (28ms)
	RebuildNativeTypeToScriptingClass (11ms)
	initialDomainReloadingComplete (24ms)
	LoadAllAssembliesAndSetupDomain (413ms)
		LoadAssemblies (289ms)
		RebuildTransferFunctionScriptingTraits (0ms)
		AnalyzeDomain (197ms)
			TypeCache.Refresh (9ms)
				TypeCache.ScanAssembly (0ms)
			BuildScriptInfoCaches (174ms)
			ResolveRequiredComponents (9ms)
	FinalizeReload (642ms)
		ReleaseScriptCaches (0ms)
		RebuildScriptCaches (0ms)
		SetupLoadedEditorAssemblies (443ms)
			LogAssemblyErrors (0ms)
			InitializePlatformSupportModulesInManaged (2ms)
			SetLoadedEditorAssemblies (3ms)
			BeforeProcessingInitializeOnLoad (87ms)
			ProcessInitializeOnLoadAttributes (294ms)
			ProcessInitializeOnLoadMethodAttributes (52ms)
			AfterProcessingInitializeOnLoad (5ms)
			EditorAssembliesLoaded (0ms)
		ExecutionOrderSort2 (0ms)
		AwakeInstancesAfterBackupRestoration (14ms)
Refreshing native plugins compatible for Editor in 1.04 ms, found 3 plugins.
Preloading 0 native plugins for Editor in 0.00 ms.
Unloading 14 Unused Serialized files (Serialized files now loaded: 0)
Unloading 7290 unused Assets / (5.6 MB). Loaded Objects now: 8437.
Memory consumption went from 0.55 GB to 0.55 GB.
Total: 6.828900 ms (FindLiveObjects: 0.620500 ms CreateObjectMapping: 0.576900 ms MarkObjects: 3.379500 ms  DeleteObjects: 2.251000 ms)

Prepare: number of updated asset objects reloaded= 0
========================================================================
Received Prepare
Begin MonoManager ReloadAssembly
- Loaded All Assemblies, in  0.617 seconds
'Packages/com.unity.render-pipelines.high-definition/Editor/Wizard/HDWizard.UIElement.cs' contains partial class of Unity.Object, exactly 1 of the partial classes needs to be in a file with the same filename. This is to know the one that can be referenced from ie. GameObjects
'Packages/com.unity.render-pipelines.high-definition/Editor/Wizard/HDWizard.Configuration.cs' contains partial class of Unity.Object, exactly 1 of the partial classes needs to be in a file with the same filename. This is to know the one that can be referenced from ie. GameObjects
'Packages/com.unity.render-pipelines.high-definition/Editor/Wizard/HDWizard.Window.cs' contains partial class of Unity.Object, exactly 1 of the partial classes needs to be in a file with the same filename. This is to know the one that can be referenced from ie. GameObjects
Refreshing native plugins compatible for Editor in 1.09 ms, found 3 plugins.
Native extension for WindowsStandalone target not found
Mono: successfully reloaded assembly
- Finished resetting the current domain, in  0.617 seconds
Domain Reload Profiling: 1236ms
	BeginReloadAssembly (155ms)
		ExecutionOrderSort (0ms)
		DisableScriptedObjects (5ms)
		BackupInstance (0ms)
		ReleaseScriptingObjects (0ms)
		CreateAndSetChildDomain (38ms)
	RebuildCommonClasses (27ms)
	RebuildNativeTypeToScriptingClass (9ms)
	initialDomainReloadingComplete (21ms)
	LoadAllAssembliesAndSetupDomain (406ms)
		LoadAssemblies (274ms)
		RebuildTransferFunctionScriptingTraits (0ms)
		AnalyzeDomain (201ms)
			TypeCache.Refresh (9ms)
				TypeCache.ScanAssembly (0ms)
			BuildScriptInfoCaches (176ms)
			ResolveRequiredComponents (11ms)
	FinalizeReload (617ms)
		ReleaseScriptCaches (0ms)
		RebuildScriptCaches (0ms)
		SetupLoadedEditorAssemblies (424ms)
			LogAssemblyErrors (0ms)
			InitializePlatformSupportModulesInManaged (2ms)
			SetLoadedEditorAssemblies (3ms)
			BeforeProcessingInitializeOnLoad (85ms)
			ProcessInitializeOnLoadAttributes (288ms)
			ProcessInitializeOnLoadMethodAttributes (43ms)
			AfterProcessingInitializeOnLoad (4ms)
			EditorAssembliesLoaded (0ms)
		ExecutionOrderSort2 (0ms)
		AwakeInstancesAfterBackupRestoration (11ms)
Refreshing native plugins compatible for Editor in 1.75 ms, found 3 plugins.
Preloading 0 native plugins for Editor in 0.00 ms.
Unloading 14 Unused Serialized files (Serialized files now loaded: 0)
Unloading 7290 unused Assets / (5.4 MB). Loaded Objects now: 8439.
Memory consumption went from 0.56 GB to 0.56 GB.
Total: 7.898100 ms (FindLiveObjects: 0.749400 ms CreateObjectMapping: 0.701700 ms MarkObjects: 3.886700 ms  DeleteObjects: 2.559300 ms)

Prepare: number of updated asset objects reloaded= 0
========================================================================
Received Prepare
Begin MonoManager ReloadAssembly
- Loaded All Assemblies, in  0.618 seconds
'Packages/com.unity.render-pipelines.high-definition/Editor/Wizard/HDWizard.UIElement.cs' contains partial class of Unity.Object, exactly 1 of the partial classes needs to be in a file with the same filename. This is to know the one that can be referenced from ie. GameObjects
'Packages/com.unity.render-pipelines.high-definition/Editor/Wizard/HDWizard.Configuration.cs' contains partial class of Unity.Object, exactly 1 of the partial classes needs to be in a file with the same filename. This is to know the one that can be referenced from ie. GameObjects
'Packages/com.unity.render-pipelines.high-definition/Editor/Wizard/HDWizard.Window.cs' contains partial class of Unity.Object, exactly 1 of the partial classes needs to be in a file with the same filename. This is to know the one that can be referenced from ie. GameObjects
Refreshing native plugins compatible for Editor in 1.05 ms, found 3 plugins.
Native extension for WindowsStandalone target not found
Mono: successfully reloaded assembly
- Finished resetting the current domain, in  0.613 seconds
Domain Reload Profiling: 1233ms
	BeginReloadAssembly (161ms)
		ExecutionOrderSort (0ms)
		DisableScriptedObjects (6ms)
		BackupInstance (0ms)
		ReleaseScriptingObjects (0ms)
		CreateAndSetChildDomain (41ms)
	RebuildCommonClasses (28ms)
	RebuildNativeTypeToScriptingClass (9ms)
	initialDomainReloadingComplete (22ms)
	LoadAllAssembliesAndSetupDomain (400ms)
		LoadAssemblies (275ms)
		RebuildTransferFunctionScriptingTraits (0ms)
		AnalyzeDomain (195ms)
			TypeCache.Refresh (7ms)
				TypeCache.ScanAssembly (0ms)
			BuildScriptInfoCaches (174ms)
			ResolveRequiredComponents (9ms)
	FinalizeReload (613ms)
		ReleaseScriptCaches (0ms)
		RebuildScriptCaches (0ms)
		SetupLoadedEditorAssemblies (420ms)
			LogAssemblyErrors (0ms)
			InitializePlatformSupportModulesInManaged (2ms)
			SetLoadedEditorAssemblies (3ms)
			BeforeProcessingInitializeOnLoad (84ms)
			ProcessInitializeOnLoadAttributes (283ms)
			ProcessInitializeOnLoadMethodAttributes (44ms)
			AfterProcessingInitializeOnLoad (4ms)
			EditorAssembliesLoaded (0ms)
		ExecutionOrderSort2 (0ms)
		AwakeInstancesAfterBackupRestoration (13ms)
Refreshing native plugins compatible for Editor in 1.30 ms, found 3 plugins.
Preloading 0 native plugins for Editor in 0.00 ms.
Unloading 14 Unused Serialized files (Serialized files now loaded: 0)
Unloading 7290 unused Assets / (5.7 MB). Loaded Objects now: 8441.
Memory consumption went from 0.57 GB to 0.57 GB.
Total: 8.322800 ms (FindLiveObjects: 0.682900 ms CreateObjectMapping: 0.742600 ms MarkObjects: 4.103400 ms  DeleteObjects: 2.792700 ms)

Prepare: number of updated asset objects reloaded= 0
========================================================================
Received Prepare
Begin MonoManager ReloadAssembly
- Loaded All Assemblies, in  0.620 seconds
'Packages/com.unity.render-pipelines.high-definition/Editor/Wizard/HDWizard.UIElement.cs' contains partial class of Unity.Object, exactly 1 of the partial classes needs to be in a file with the same filename. This is to know the one that can be referenced from ie. GameObjects
'Packages/com.unity.render-pipelines.high-definition/Editor/Wizard/HDWizard.Configuration.cs' contains partial class of Unity.Object, exactly 1 of the partial classes needs to be in a file with the same filename. This is to know the one that can be referenced from ie. GameObjects
'Packages/com.unity.render-pipelines.high-definition/Editor/Wizard/HDWizard.Window.cs' contains partial class of Unity.Object, exactly 1 of the partial classes needs to be in a file with the same filename. This is to know the one that can be referenced from ie. GameObjects
Refreshing native plugins compatible for Editor in 1.03 ms, found 3 plugins.
Native extension for WindowsStandalone target not found
Mono: successfully reloaded assembly
- Finished resetting the current domain, in  0.611 seconds
Domain Reload Profiling: 1233ms
	BeginReloadAssembly (161ms)
		ExecutionOrderSort (0ms)
		DisableScriptedObjects (5ms)
		BackupInstance (0ms)
		ReleaseScriptingObjects (0ms)
		CreateAndSetChildDomain (41ms)
	RebuildCommonClasses (26ms)
	RebuildNativeTypeToScriptingClass (10ms)
	initialDomainReloadingComplete (21ms)
	LoadAllAssembliesAndSetupDomain (404ms)
		LoadAssemblies (281ms)
		RebuildTransferFunctionScriptingTraits (0ms)
		AnalyzeDomain (193ms)
			TypeCache.Refresh (7ms)
				TypeCache.ScanAssembly (0ms)
			BuildScriptInfoCaches (171ms)
			ResolveRequiredComponents (9ms)
	FinalizeReload (611ms)
		ReleaseScriptCaches (0ms)
		RebuildScriptCaches (0ms)
		SetupLoadedEditorAssemblies (417ms)
			LogAssemblyErrors (0ms)
			InitializePlatformSupportModulesInManaged (2ms)
			SetLoadedEditorAssemblies (3ms)
			BeforeProcessingInitializeOnLoad (83ms)
			ProcessInitializeOnLoadAttributes (283ms)
			ProcessInitializeOnLoadMethodAttributes (43ms)
			AfterProcessingInitializeOnLoad (3ms)
			EditorAssembliesLoaded (0ms)
		ExecutionOrderSort2 (0ms)
		AwakeInstancesAfterBackupRestoration (14ms)
Refreshing native plugins compatible for Editor in 1.77 ms, found 3 plugins.
Preloading 0 native plugins for Editor in 0.00 ms.
Unloading 14 Unused Serialized files (Serialized files now loaded: 0)
Unloading 7290 unused Assets / (5.8 MB). Loaded Objects now: 8443.
Memory consumption went from 0.58 GB to 0.58 GB.
Total: 9.345300 ms (FindLiveObjects: 0.708300 ms CreateObjectMapping: 0.903400 ms MarkObjects: 4.712800 ms  DeleteObjects: 3.019400 ms)

Prepare: number of updated asset objects reloaded= 0
========================================================================
Received Prepare
Begin MonoManager ReloadAssembly
- Loaded All Assemblies, in  0.632 seconds
'Packages/com.unity.render-pipelines.high-definition/Editor/Wizard/HDWizard.UIElement.cs' contains partial class of Unity.Object, exactly 1 of the partial classes needs to be in a file with the same filename. This is to know the one that can be referenced from ie. GameObjects
'Packages/com.unity.render-pipelines.high-definition/Editor/Wizard/HDWizard.Configuration.cs' contains partial class of Unity.Object, exactly 1 of the partial classes needs to be in a file with the same filename. This is to know the one that can be referenced from ie. GameObjects
'Packages/com.unity.render-pipelines.high-definition/Editor/Wizard/HDWizard.Window.cs' contains partial class of Unity.Object, exactly 1 of the partial classes needs to be in a file with the same filename. This is to know the one that can be referenced from ie. GameObjects
Refreshing native plugins compatible for Editor in 1.23 ms, found 3 plugins.
Native extension for WindowsStandalone target not found
Mono: successfully reloaded assembly
- Finished resetting the current domain, in  0.635 seconds
Domain Reload Profiling: 1268ms
	BeginReloadAssembly (159ms)
		ExecutionOrderSort (0ms)
		DisableScriptedObjects (5ms)
		BackupInstance (0ms)
		ReleaseScriptingObjects (0ms)
		CreateAndSetChildDomain (38ms)
	RebuildCommonClasses (26ms)
	RebuildNativeTypeToScriptingClass (9ms)
	initialDomainReloadingComplete (22ms)
	LoadAllAssembliesAndSetupDomain (417ms)
		LoadAssemblies (281ms)
		RebuildTransferFunctionScriptingTraits (0ms)
		AnalyzeDomain (207ms)
			TypeCache.Refresh (7ms)
				TypeCache.ScanAssembly (0ms)
			BuildScriptInfoCaches (185ms)
			ResolveRequiredComponents (10ms)
	FinalizeReload (636ms)
		ReleaseScriptCaches (0ms)
		RebuildScriptCaches (0ms)
		SetupLoadedEditorAssemblies (428ms)
			LogAssemblyErrors (0ms)
			InitializePlatformSupportModulesInManaged (2ms)
			SetLoadedEditorAssemblies (3ms)
			BeforeProcessingInitializeOnLoad (84ms)
			ProcessInitializeOnLoadAttributes (284ms)
			ProcessInitializeOnLoadMethodAttributes (50ms)
			AfterProcessingInitializeOnLoad (5ms)
			EditorAssembliesLoaded (0ms)
		ExecutionOrderSort2 (0ms)
		AwakeInstancesAfterBackupRestoration (15ms)
Refreshing native plugins compatible for Editor in 1.33 ms, found 3 plugins.
Preloading 0 native plugins for Editor in 0.00 ms.
Unloading 14 Unused Serialized files (Serialized files now loaded: 0)
Unloading 7290 unused Assets / (6.1 MB). Loaded Objects now: 8445.
Memory consumption went from 0.59 GB to 0.59 GB.
Total: 9.275800 ms (FindLiveObjects: 0.716700 ms CreateObjectMapping: 0.846100 ms MarkObjects: 4.271400 ms  DeleteObjects: 3.440400 ms)

Prepare: number of updated asset objects reloaded= 0
========================================================================
Received Prepare
Begin MonoManager ReloadAssembly
- Loaded All Assemblies, in  0.618 seconds
'Packages/com.unity.render-pipelines.high-definition/Editor/Wizard/HDWizard.UIElement.cs' contains partial class of Unity.Object, exactly 1 of the partial classes needs to be in a file with the same filename. This is to know the one that can be referenced from ie. GameObjects
'Packages/com.unity.render-pipelines.high-definition/Editor/Wizard/HDWizard.Configuration.cs' contains partial class of Unity.Object, exactly 1 of the partial classes needs to be in a file with the same filename. This is to know the one that can be referenced from ie. GameObjects
'Packages/com.unity.render-pipelines.high-definition/Editor/Wizard/HDWizard.Window.cs' contains partial class of Unity.Object, exactly 1 of the partial classes needs to be in a file with the same filename. This is to know the one that can be referenced from ie. GameObjects
Refreshing native plugins compatible for Editor in 0.99 ms, found 3 plugins.
Native extension for WindowsStandalone target not found
Mono: successfully reloaded assembly
- Finished resetting the current domain, in  0.617 seconds
Domain Reload Profiling: 1237ms
	BeginReloadAssembly (161ms)
		ExecutionOrderSort (0ms)
		DisableScriptedObjects (6ms)
		BackupInstance (0ms)
		ReleaseScriptingObjects (0ms)
		CreateAndSetChildDomain (39ms)
	RebuildCommonClasses (26ms)
	RebuildNativeTypeToScriptingClass (9ms)
	initialDomainReloadingComplete (23ms)
	LoadAllAssembliesAndSetupDomain (400ms)
		LoadAssemblies (277ms)
		RebuildTransferFunctionScriptingTraits (0ms)
		AnalyzeDomain (193ms)
			TypeCache.Refresh (7ms)
				TypeCache.ScanAssembly (0ms)
			BuildScriptInfoCaches (170ms)
			ResolveRequiredComponents (11ms)
	FinalizeReload (618ms)
		ReleaseScriptCaches (0ms)
		RebuildScriptCaches (0ms)
		SetupLoadedEditorAssemblies (422ms)
			LogAssemblyErrors (0ms)
			InitializePlatformSupportModulesInManaged (2ms)
			SetLoadedEditorAssemblies (3ms)
			BeforeProcessingInitializeOnLoad (82ms)
			ProcessInitializeOnLoadAttributes (286ms)
			ProcessInitializeOnLoadMethodAttributes (46ms)
			AfterProcessingInitializeOnLoad (4ms)
			EditorAssembliesLoaded (0ms)
		ExecutionOrderSort2 (0ms)
		AwakeInstancesAfterBackupRestoration (12ms)
Refreshing native plugins compatible for Editor in 1.22 ms, found 3 plugins.
Preloading 0 native plugins for Editor in 0.00 ms.
Unloading 14 Unused Serialized files (Serialized files now loaded: 0)
Unloading 7290 unused Assets / (5.6 MB). Loaded Objects now: 8447.
Memory consumption went from 0.60 GB to 0.60 GB.
Total: 8.815800 ms (FindLiveObjects: 0.973400 ms CreateObjectMapping: 0.584500 ms MarkObjects: 4.393200 ms  DeleteObjects: 2.863500 ms)

Prepare: number of updated asset objects reloaded= 0
========================================================================
Received Prepare
Begin MonoManager ReloadAssembly
- Loaded All Assemblies, in  0.635 seconds
'Packages/com.unity.render-pipelines.high-definition/Editor/Wizard/HDWizard.UIElement.cs' contains partial class of Unity.Object, exactly 1 of the partial classes needs to be in a file with the same filename. This is to know the one that can be referenced from ie. GameObjects
'Packages/com.unity.render-pipelines.high-definition/Editor/Wizard/HDWizard.Configuration.cs' contains partial class of Unity.Object, exactly 1 of the partial classes needs to be in a file with the same filename. This is to know the one that can be referenced from ie. GameObjects
'Packages/com.unity.render-pipelines.high-definition/Editor/Wizard/HDWizard.Window.cs' contains partial class of Unity.Object, exactly 1 of the partial classes needs to be in a file with the same filename. This is to know the one that can be referenced from ie. GameObjects
Refreshing native plugins compatible for Editor in 1.12 ms, found 3 plugins.
Native extension for WindowsStandalone target not found
Mono: successfully reloaded assembly
- Finished resetting the current domain, in  0.615 seconds
Domain Reload Profiling: 1253ms
	BeginReloadAssembly (163ms)
		ExecutionOrderSort (0ms)
		DisableScriptedObjects (5ms)
		BackupInstance (0ms)
		ReleaseScriptingObjects (0ms)
		CreateAndSetChildDomain (41ms)
	RebuildCommonClasses (28ms)
	RebuildNativeTypeToScriptingClass (9ms)
	initialDomainReloadingComplete (21ms)
	LoadAllAssembliesAndSetupDomain (417ms)
		LoadAssemblies (278ms)
		RebuildTransferFunctionScriptingTraits (0ms)
		AnalyzeDomain (210ms)
			TypeCache.Refresh (7ms)
				TypeCache.ScanAssembly (0ms)
			BuildScriptInfoCaches (187ms)
			ResolveRequiredComponents (11ms)
	FinalizeReload (615ms)
		ReleaseScriptCaches (0ms)
		RebuildScriptCaches (0ms)
		SetupLoadedEditorAssemblies (424ms)
			LogAssemblyErrors (0ms)
			InitializePlatformSupportModulesInManaged (2ms)
			SetLoadedEditorAssemblies (3ms)
			BeforeProcessingInitializeOnLoad (85ms)
			ProcessInitializeOnLoadAttributes (287ms)
			ProcessInitializeOnLoadMethodAttributes (43ms)
			AfterProcessingInitializeOnLoad (4ms)
			EditorAssembliesLoaded (0ms)
		ExecutionOrderSort2 (0ms)
		AwakeInstancesAfterBackupRestoration (11ms)
Refreshing native plugins compatible for Editor in 1.42 ms, found 3 plugins.
Preloading 0 native plugins for Editor in 0.00 ms.
Unloading 14 Unused Serialized files (Serialized files now loaded: 0)
Unloading 7290 unused Assets / (5.6 MB). Loaded Objects now: 8449.
Memory consumption went from 0.61 GB to 0.61 GB.
Total: 7.715800 ms (FindLiveObjects: 0.769100 ms CreateObjectMapping: 0.644800 ms MarkObjects: 3.647400 ms  DeleteObjects: 2.653700 ms)

Prepare: number of updated asset objects reloaded= 0
